Player,Year,POS,club,GP,GS,MINS,G,A,G/90min,A/90min,GWG,GWA,HmG,RdG,HmA,RdA,base_salary,guaranteed_compensation,G+A
AJ Cochran,2014,D,HOU,19,14,1370,0,0,0.0,0.0,0,0,0,0,0,0,57500.0,73500.0,0
AJ Cochran,2015,D,HOU,7,5,512,0,0,0.0,0.0,0,0,0,0,0,0,60375.0,76375.0,0
Aaron Guillen,2016,D,DAL,2,1,106,0,0,0.0,0.0,0,0,0,0,0,0,103000.0,103000.0,0
Aaron Guillen,2017,D,DAL,6,4,374,0,0,0.0,0.0,0,0,0,0,0,0,54075.0,54075.0,0
Aaron Horton,2011,F,CLB,1,0,1,0,0,0.0,0.0,0,0,0,0,0,0,90000.0,121000.0,0
Aaron Horton,2012,F,CLB,0,0,0,0,0,0.0,0.0,0,0,0,0,0,0,55000.0,70500.0,0
Aaron Horton,2013,F,CLB,0,0,0,0,0,0.0,0.0,0,0,0,0,0,0,65000.0,80500.0,0
Aaron Jones,2017,D,PHI,0,0,0,0,0,0.0,0.0,0,0,0,0,0,0,53004.0,53004.0,0
Aaron Kovar,2014,M,SEA,3,0,25,0,0,0.0,0.0,0,0,0,0,0,0,97000.0,97400.0,0
Aaron Kovar,2015,M,SEA,6,2,201,0,0,0.0,0.0,0,0,0,0,0,0,120000.0,120400.0,0
Aaron Kovar,2016,M,SEA,16,10,811,1,0,0.11,0.0,0,0,0,1,0,0,126000.0,126400.0,1
Aaron Kovar,2017,M,SEA,7,1,199,0,0,0.0,0.0,0,0,0,0,0,0,132300.0,132700.0,0
Aaron Maund,2012,D,TOR,15,9,947,0,0,0.0,0.0,0,0,0,0,0,0,44000.0,59000.0,0
Aaron Maund,2013,D,RSL,3,3,270,0,0,0.0,0.0,0,0,0,0,0,0,70250.0,86916.66,0
Aaron Maund,2014,D,RSL,6,5,432,0,0,0.0,0.0,0,0,0,0,0,0,73000.0,80500.0,0
Aaron Maund,2015,D,RSL,22,21,1974,1,1,0.05,0.05,0,1,0,1,1,0,60000.0,63449.5,2
Aaron Maund,2016,D,RSL,20,20,1746,0,0,0.0,0.0,0,0,0,0,0,0,170000.0,176899.0,0
Aaron Maund,2017,D,RSL,15,14,1179,1,0,0.08,0.0,1,0,1,0,0,0,330000.0,348875.0,1
Aaron Pitchkolan,2007,D,DAL,16,11,1142,0,0,0.0,0.0,0,0,0,0,0,0,35400.0,35400.0,0
Aaron Pitchkolan,2008,D,DAL,21,15,1345,1,0,0.07,0.0,1,0,0,1,0,0,33000.0,33000.0,1
Aaron Wheeler,2013,F,PHI,10,1,129,1,1,0.7,0.7,0,1,1,0,0,1,46500.0,46500.0,2
Aaron Wheeler,2014,F,PHI,15,8,759,0,0,0.0,0.0,0,0,0,0,0,0,48825.0,48825.0,0
Abdus Ibrahim,2007,F,DAL,0,0,0,0,0,0.0,0.0,0,0,0,0,0,0,100000.0,166000.0,0
Abe Thompson,2007,F,DAL,25,15,1234,5,4,0.37,0.29,2,1,2,3,1,3,60000.0,60000.0,9
Abe Thompson,2008,F,DAL,23,13,1100,3,2,0.28,0.19,0,0,2,1,2,0,66000.0,66000.0,5
Abe Thompson,2009,F,HOU,9,1,203,1,0,0.44,0.0,1,0,0,1,0,0,120000.0,127250.0,1
Abuchi Obinwa,2017,M,CLB,0,0,0,0,0,0.0,0.0,0,0,0,0,0,0,130008.0,130008.0,0
Adam Bedell,2014,F,CLB,17,7,677,2,0,0.28,0.0,0,0,1,1,0,0,73008.0,73008.0,2
Adam Johansson,2012,D,SEA,25,25,2178,0,2,0.0,0.1,0,0,0,0,0,2,350000.0,365666.66,2
Adam Moffat,2008,M,CLB,7,6,513,2,0,0.35,0.0,1,0,2,0,0,0,35400.0,35400.0,2
Adam Moffat,2009,M,CLB,12,6,531,1,0,0.17,0.0,0,0,0,1,0,0,96000.0,96000.0,1
Adam Moffat,2010,M,CLB,24,23,1951,2,1,0.09,0.05,0,1,1,1,1,0,100800.0,100800.0,3
Adam Moffat,2011,M,HOU,21,16,1563,2,1,0.15,0.07,0,0,2,0,0,1,113400.0,113400.0,3
Adam Moffat,2012,M,HOU,29,28,2386,3,4,0.29000000000000004,0.34,2,1,3,0,1,3,119070.0,119070.0,7
Adam Moffat,2014,M,DAL,20,13,1150,0,0,0.0,0.0,0,0,0,0,0,0,330000.0,353216.66,0
Adam Najem,2017,M,PHI,5,1,153,0,0,0.0,0.0,0,0,0,0,0,0,65000.04,65000.04,0
Adolfo Machado,2017,D,HOU,38,38,3450,0,2,0.0,0.06,0,1,0,0,2,0,400008.0,433008.0,2
Adonijah Reid,2017,F,DAL,0,0,0,0,0,0.0,0.0,0,0,0,0,0,0,70000.08,87500.08,0
Adrian Arregui,2017,M,MTL,6,3,238,0,1,0.0,0.38,0,1,0,0,0,1,240000.0,290976.67,1
Adrian Cann,2012,D,TOR,10,8,735,0,0,0.0,0.0,0,0,0,0,0,0,126000.0,134750.0,0
Adrian Serioux,2007,D,DAL,12,12,976,0,0,0.0,0.0,0,0,0,0,0,0,216000.0,241000.0,0
Adrian Serioux,2008,D,DAL,24,24,1926,0,4,0.0,0.19,0,0,0,0,1,3,113400.0,125900.0,4
Adrian Serioux,2010,D,HOU,13,7,708,2,1,0.25,0.13,0,0,0,2,1,0,96000.0,96000.0,3
Adrian Winter,2015,M-F,ORL,9,7,600,2,1,0.3,0.15,0,1,2,0,1,0,180000.0,198333.33,3
Adrian Winter,2016,M-F,ORL,13,12,975,3,2,0.28,0.18,0,0,2,1,2,0,180000.0,198333.33,5
Agustin Jara,2016,D,DAL,3,0,12,0,0,0.0,0.0,0,0,0,0,0,0,62508.0,62508.0,0
Agustin Viana,2013,M-D,CLB,20,20,1519,0,0,0.0,0.0,0,0,0,0,0,0,105000.0,131666.67,0
Agustin Viana,2014,M-D,CLB,4,4,300,1,0,0.3,0.0,0,0,0,1,0,0,230000.0,283333.34,1
Ahmed Kantari,2015,D,TOR,13,11,996,0,0,0.0,0.0,0,0,0,0,0,0,600000.0,690000.0,0
Akira Kaji,2014,D,CHV,15,14,1270,0,1,0.0,0.07,0,1,0,0,1,0,48504.0,48504.0,1
Alain Rochat,2011,D,VAN,28,27,2434,3,1,0.11,0.04,1,1,3,0,1,0,150000.0,150000.0,4
Alain Rochat,2012,D,VAN,28,28,2413,2,2,0.08,0.08,0,1,2,0,2,0,340000.0,340000.0,4
Alan Gordon,2010,F,CHV,21,12,1199,2,3,0.15,0.23,1,1,1,1,3,0,87731.0,87731.0,5
Alan Gordon,2016,F,LA,25,10,913,4,3,0.8200000000000001,1.02,1,1,2,2,2,1,340000.0,340000.0,7
Alan Gordon,2017,F,COL,26,6,816,3,4,0.33,0.44,3,1,3,0,3,1,180000.0,180000.0,7
Albert Rusnak,2017,M,RSL,30,29,2579,7,14,0.24,0.49,1,5,5,2,10,4,825000.0,882812.5,21
Alberth Elis,2017,F,HOU,30,22,2035,11,4,0.78,0.22,4,0,10,1,3,1,846000.0,846000.0,15
Alecko Eskandarian,2007,F,RSL,23,23,1913,2,3,0.09,0.14,0,2,2,0,2,1,155000.0,175500.0,5
Alecko Eskandarian,2008,F,CHV,12,8,701,5,2,0.69,0.27,2,1,3,2,0,2,247000.0,262082.5,7
Alejandro Bedoya,2017,M,PHI,28,28,2509,2,4,0.07,0.14,0,1,1,1,3,1,1131000.0,1197250.0,6
Alejandro Moreno,2007,F,CLB,29,27,2357,7,7,0.27,0.27,1,1,2,5,4,3,120000.0,125000.0,14
Alejandro Moreno,2008,F,CLB,31,31,2788,10,7,0.5800000000000001,0.9,2,2,6,4,5,2,252000.0,262000.0,17
Alejandro Moreno,2009,F,CLB,23,18,1695,4,1,0.22,0.06,1,1,2,2,1,0,264600.0,274600.0,5
Alejandro Moreno,2010,F,PHI,26,25,1974,2,7,0.09,0.32,1,1,1,1,3,4,145000.0,158125.0,9
Alejandro Moreno,2011,F,CHV,24,22,2016,5,2,0.22,0.09,1,1,1,4,2,0,172000.0,182000.0,7
Alejandro Moreno,2012,F,CHV,22,17,1520,2,0,0.12,0.0,0,0,1,1,0,0,185000.0,195000.0,2
Alessandro Nesta,2012,D,MTL,8,8,633,0,0,0.0,0.0,0,0,0,0,0,0,180000.0,225000.0,0
Alessandro Nesta,2013,D,MTL,23,23,1939,0,1,0.0,0.05,0,0,0,0,1,0,520000.0,610000.0,1
Alex Caskey,2012,M,SEA,21,13,1166,1,4,0.08,0.33,0,2,1,0,1,3,67512.0,67512.0,5
Alex Caskey,2013,M,SEA,10,5,430,0,0,0.0,0.0,0,0,0,0,0,0,93000.0,93000.0,0
Alex Crognale,2017,D,CLB,17,12,1069,0,1,0.0,0.08,0,1,0,0,1,0,169992.0,169992.0,1
Alex Grendi,2009,M,CLB,3,1,127,0,1,0.0,0.71,0,0,0,0,0,1,40200.0,40200.0,1
Alex Lee,2012,D,DAL,0,0,0,0,0,0.0,0.0,0,0,0,0,0,0,33756.0,33756.0,0
Alex Morrell,2016,F,CHI,4,0,52,0,0,0.0,0.0,0,0,0,0,0,0,51500.0,51500.0,0
Alex Nimo,2008,F-M,RSL,0,0,0,0,0,0.0,0.0,0,0,0,0,0,0,90000.0,156000.0,0
Alex Nimo,2009,F-M,RSL,0,0,0,0,0,0.0,0.0,0,0,0,0,0,0,70000.0,103000.0,0
Alex Nimo,2010,F-M,RSL,0,0,0,0,0,0.0,0.0,0,0,0,0,0,0,150000.0,216000.0,0
Alex Yi,2007,D,DAL,16,15,1298,0,0,0.0,0.0,0,0,0,0,0,0,61740.0,61740.0,0
Alex Zotinca,2007,D,CHV,23,21,1724,0,3,0.0,0.16,0,1,0,0,2,1,135000.0,137500.0,3
Alex Zotinca,2008,D,CHV,6,5,431,0,0,0.0,0.0,0,0,0,0,0,0,141750.0,144250.0,0
Alex Zotinca,2010,D,CHV,1,1,45,0,0,0.0,0.0,0,0,0,0,0,0,60000.0,60000.0,0
Alexandre Morfaw,2011,M,VAN,2,1,135,0,0,0.0,0.0,0,0,0,0,0,0,90000.0,90000.0,0
Alhaji Kamara,2016,F,DC,8,2,173,1,0,0.52,0.0,1,0,0,1,0,0,103000.08,119500.08,1
Alhaji Kamara,2017,F,DC,1,0,14,0,0,0.0,0.0,0,0,0,0,0,0,80000.0,88250.0,0
Alphonso Davies,2017,M,VAN,27,9,1079,0,1,0.0,0.09,0,0,0,0,1,0,130000.0,130000.0,1
Alvaro Rey,2013,M,TOR,13,9,770,1,1,0.12,0.12,0,0,1,0,1,0,180000.0,204450.0,2
Alvaro Saborio,2010,F,RSL,29,25,2121,12,4,0.54,0.18,5,1,9,3,2,2,240000.0,256250.0,16
Alvaro Saborio,2011,F,RSL,26,25,2184,14,2,1.56,0.09,5,0,9,5,2,0,500000.0,611250.0,16
Alvaro Saborio,2012,F,RSL,33,28,2570,17,3,0.64,0.11,6,0,13,4,1,2,700000.0,811250.0,20
Alvaro Saborio,2013,F,RSL,19,18,1665,13,2,1.08,0.13,2,1,6,7,2,0,720000.0,906666.66,15
Alvaro Saborio,2014,F,RSL,18,15,1328,8,2,0.63,0.16,4,1,6,2,0,2,720000.0,906666.66,10
Amadou Sanyang,2011,D,SEA,1,0,8,0,0,0.0,0.0,0,0,0,0,0,0,65208.0,65208.0,0
Ambroise Oyongo,2016,D,MTL,32,31,2796,1,6,0.19,0.38,1,1,1,0,4,2,200000.0,200000.0,7
Aminu Abdallah,2013,M,VAN,0,0,0,0,0,0.0,0.0,0,0,0,0,0,0,46500.0,46500.0,0
Amobi Okugo,2010,D-M,PHI,11,4,437,0,0,0.0,0.0,0,0,0,0,0,0,75000.0,158000.0,0
Amobi Okugo,2011,D-M,PHI,15,10,811,0,0,0.0,0.0,0,0,0,0,0,0,170000.0,336000.0,0
Amobi Okugo,2012,D-M,PHI,27,24,2230,0,1,0.0,0.04,0,0,0,0,1,0,90000.0,173000.0,1
Amobi Okugo,2013,D-M,PHI,32,32,2879,3,3,0.09,0.09,0,1,2,1,0,3,101250.0,184250.0,6
Amobi Okugo,2014,D-M,PHI,32,31,2798,2,2,0.06,0.06,0,0,1,1,1,1,145000.0,228000.0,4
Amobi Okugo,2016,D-M,POR,4,2,227,0,0,0.0,0.0,0,0,0,0,0,0,300000.0,325000.0,0
Amobi Okugo,2017,D-M,POR,10,4,496,0,0,0.0,0.0,0,0,0,0,0,0,130008.0,375883.0,0
Anderson Conceicao,2016,D,PHI,1,1,90,0,0,0.0,0.0,0,0,0,0,0,0,300000.0,331666.66,0
Andre Akpan,2010,F,COL,1,0,13,0,0,0.0,0.0,0,0,0,0,0,0,80000.0,130000.0,0
Andre Akpan,2011,F,COL,12,5,479,1,0,0.19,0.0,0,0,1,0,0,0,96000.0,96000.0,1
Andre Akpan,2012,F,COL,15,4,434,3,0,0.62,0.0,1,0,3,0,0,0,57200.0,57200.0,3
Andre Hainault,2009,D,HOU,23,22,1982,1,2,0.05,0.11,0,1,0,1,0,2,84000.0,110250.0,3
Andre Lewis,2014,M,VAN,0,0,0,0,0,0.0,0.0,0,0,0,0,0,0,48500.0,53500.0,0
Andre Lewis,2015,M,VAN,0,0,0,0,0,0.0,0.0,0,0,0,0,0,0,120000.0,150000.0,0
Andre Rocha,2008,M,DAL,27,26,2151,3,8,0.13,0.33,1,4,1,2,4,4,135000.0,135000.0,11
Andre Rocha,2009,M,DAL,22,14,1270,2,1,0.14,0.07,0,0,1,1,1,0,140000.0,140000.0,3
Andrea Pisanu,2013,M,MTL,15,9,686,1,1,0.14,0.14,0,1,1,0,1,0,200000.0,296000.0,2
Andreas Ivanschitz,2015,M,SEA,9,8,736,2,2,0.51,0.51,1,0,1,1,1,1,360000.0,402500.0,4
Andreas Ivanschitz,2016,M,SEA,31,26,2020,3,8,0.14,0.38,0,3,2,1,6,2,500000.0,542500.0,11
Andres Correa,2015,D,SEA,0,0,0,0,0,0.0,0.0,0,0,0,0,0,0,120000.0,136333.34,0
Andres Imperiale,2017,D,SJ,13,12,1111,0,0,0.0,0.0,0,0,0,0,0,0,210000.0,215000.0,0
Andres Romero,2013,M,MTL,31,20,1706,2,2,0.11,0.11,1,1,1,1,1,1,96000.0,96000.0,4
Andres Romero,2014,M,MTL,29,25,2185,6,3,0.25,0.12,1,0,4,2,1,2,60000.0,60000.0,9
Andres Romero,2015,M,MTL,27,23,1875,4,4,0.19,0.19,3,1,3,1,1,3,200000.0,200000.0,8
Andres Romero,2016,M,MTL,0,0,0,0,0,0.0,0.0,0,0,0,0,0,0,220000.0,220000.0,0
Andres Romero,2017,M,MTL,9,4,432,0,0,0.0,0.0,0,0,0,0,0,0,120000.0,120000.0,0
Andrew Boyens,2011,D,CHV,12,10,909,1,0,0.1,0.0,0,0,0,1,0,0,60000.0,60000.0,1
Andrew Carleton,2017,M,ATL,1,0,4,0,0,0.0,0.0,0,0,0,0,0,0,130000.0,154800.0,0
Andrew Daniels,2007,D,DAL,0,0,0,0,0,0.0,0.0,0,0,0,0,0,0,25800.0,25800.0,0
Andrew Daniels,2008,D,DAL,0,0,0,0,0,0.0,0.0,0,0,0,0,0,0,33000.0,33000.0,0
Andrew Driver,2013,M,HOU,31,21,1906,3,1,0.16,0.05,1,0,0,3,0,1,190000.0,190000.0,4
Andrew Driver,2014,M,HOU,34,22,1897,0,1,0.0,0.05,0,0,0,0,0,1,130000.0,144583.33,1
Andrew Duran,2012,D,SEA,0,0,0,0,0,0.0,0.0,0,0,0,0,0,0,67500.0,67500.0,0
Andrew Farrell,2013,D,NE,34,34,3023,0,1,0.0,0.03,0,0,0,0,1,0,160000.0,322000.0,1
Andrew Farrell,2014,D,NE,36,36,3230,0,0,0.0,0.0,0,0,0,0,0,0,190000.0,352000.0,0
Andrew Farrell,2015,D,NE,33,33,2909,0,0,0.0,0.0,0,0,0,0,0,0,235000.0,397000.0,0
Andrew Farrell,2016,D,NE,33,32,2891,0,1,0.0,0.03,0,1,0,0,1,0,148500.0,229500.0,1
Andrew Farrell,2017,D,NE,30,30,2664,0,3,0.0,0.1,0,1,0,0,3,0,182600.0,263600.0,3
Andrew Jacobson,2010,M,PHI,25,13,1294,0,0,0.0,0.0,0,0,0,0,0,0,40000.0,40000.0,0
Andrew Jacobson,2011,M,DAL,28,23,1917,1,5,0.05,0.24,0,2,0,1,2,3,90000.0,90000.0,6
Andrew Jacobson,2012,M,DAL,31,31,2597,1,1,0.03,0.03,0,0,1,0,1,0,87500.0,100000.0,2
Andrew Jacobson,2013,M,DAL,27,27,2292,3,1,0.12,0.04,0,0,2,1,1,0,122500.0,135000.0,4
Andrew Jacobson,2017,M,VAN,22,19,1710,2,2,0.11,0.11,0,1,1,1,1,1,300000.0,350000.0,4
Andrew Jean-Baptiste,2012,D,POR,5,4,426,1,0,0.21,0.0,0,0,1,0,0,0,60000.0,75000.0,1
Andrew Jean-Baptiste,2013,D,POR,26,22,2142,1,1,0.04,0.04,1,0,1,0,0,1,130000.0,160000.0,2
Andrew Jean-Baptiste,2014,D,CHV,10,8,731,0,1,0.0,0.12,0,0,0,0,0,1,80000.0,95000.0,1
Andrew Peterson,2007,D,CLB,1,1,75,0,0,0.0,0.0,0,0,0,0,0,0,12900.0,12900.0,0
Andrew Peterson,2008,D,CLB,1,1,69,0,0,0.0,0.0,0,0,0,0,0,0,25800.0,25800.0,0
Andrew Wenger,2012,D-M,MTL,23,7,823,4,0,0.44,0.0,2,0,3,1,0,0,100000.0,202000.0,4
Andrew Wenger,2013,D-M,MTL,25,9,915,1,3,0.11,0.32,1,0,1,0,2,1,240000.0,444000.0,4
Andrew Wenger,2015,D-M,PHI,26,22,1725,1,2,0.05,0.1,1,0,1,0,0,2,180000.0,282000.0,3
Andrew Wenger,2016,D-M,HOU,32,24,2062,6,3,0.26,0.13,0,1,4,2,3,0,190000.0,190000.0,9
Andrew Wenger,2017,D-M,HOU,22,12,1110,2,2,0.16,0.16,0,0,1,1,1,1,420000.0,420000.0,4
Andrew Wheeler-Omiunu,2017,M,ATL,0,0,0,0,0,0.0,0.0,0,0,0,0,0,0,106008.0,106008.0,0
Andrew Wiedeman,2010,F,DAL,0,0,0,0,0,0.0,0.0,0,0,0,0,0,0,130000.0,216000.0,0
Andrew Wiedeman,2011,F,DAL,3,0,59,0,0,0.0,0.0,0,0,0,0,0,0,150000.0,236000.0,0
Andrew Wiedeman,2013,F,TOR,14,9,821,2,1,0.22,0.11,1,0,2,0,1,0,55000.0,65000.0,3
Andrew Wiedeman,2014,F,TOR,7,0,90,0,0,0.0,0.0,0,0,0,0,0,0,60500.0,70500.0,0
Andy Craven,2015,F,SEA,3,0,67,0,0,0.0,0.0,0,0,0,0,0,0,120000.0,120000.0,0
Andy Craven,2016,F,SEA,0,0,0,0,0,0.0,0.0,0,0,0,0,0,0,62508.0,62508.0,0
Andy Herron,2007,F,CLB,18,10,794,4,2,0.45,0.23,0,1,2,2,2,0,140000.0,148750.0,6
Andy Herron,2008,F,CHI,17,4,529,0,0,0.0,0.0,0,0,0,0,0,0,180000.0,205000.0,0
Andy Iro,2008,D,CLB,21,11,1083,1,0,0.08,0.0,0,0,1,0,0,0,72000.0,107000.0,1
Andy Iro,2009,D,CLB,11,8,631,1,0,0.14,0.0,0,0,0,1,0,0,90200.0,125200.0,1
Andy Iro,2010,D,CLB,26,25,2207,3,1,0.13,0.04,2,0,2,1,0,1,104720.0,142220.0,4
Andy O'Brien,2012,D,VAN,9,8,750,0,0,0.0,0.0,0,0,0,0,0,0,300000.0,384500.0,0
Andy O'Brien,2013,D,VAN,16,16,1400,0,0,0.0,0.0,0,0,0,0,0,0,200012.04,230012.04,0
Andy O'Brien,2014,D,VAN,26,25,2258,0,1,0.0,0.04,0,0,0,0,1,0,250000.0,280000.0,1
Andy Thoma,2015,D,POR,0,0,0,0,0,0.0,0.0,0,0,0,0,0,0,120000.0,150000.0,0
Andy Thoma,2016,D,POR,0,0,0,0,0,0.0,0.0,0,0,0,0,0,0,62500.0,64000.0,0
Andy Williams,2007,M,RSL,24,12,1277,1,3,0.07,0.21,0,0,1,0,1,2,70008.0,70008.0,4
Andy Williams,2008,M,RSL,29,17,1698,1,3,0.06,0.17,0,2,0,1,3,0,160000.0,160000.0,4
Andy Williams,2009,M,RSL,27,11,1148,3,6,0.47,0.69,2,2,2,1,4,2,168000.0,168000.0,9
Andy Williams,2010,M,RSL,32,22,2020,1,9,0.05,1.48,1,1,1,0,7,2,176400.0,176400.0,10
Andy Williams,2011,M,RSL,34,23,2192,2,1,0.09,0.05,1,0,2,0,0,1,198450.0,198450.0,3
Anibal Chala,2017,D,DAL,0,0,0,0,0,0.0,0.0,0,0,0,0,0,0,250000.08,333000.08,0
Ante Jazic,2009,D,CHV,14,14,1169,0,1,0.0,0.08,0,0,0,0,1,0,180000.0,197000.0,1
Ante Jazic,2010,D,CHV,21,21,1771,0,1,0.0,0.05,0,1,0,0,1,0,105000.0,113500.0,1
Ante Jazic,2011,D,CHV,28,28,2468,0,7,0.0,0.26,0,3,0,0,4,3,115000.0,123500.0,7
Ante Jazic,2012,D,CHV,27,27,2379,0,0,0.0,0.0,0,0,0,0,0,0,117500.0,117500.0,0
Ante Jazic,2013,D,CHV,0,0,0,0,0,0.0,0.0,0,0,0,0,0,0,132187.5,132187.5,0
Ante Razov,2007,F,CHV,26,24,2041,11,8,0.49,0.35,4,4,9,2,5,3,490000.0,497500.0,19
Ante Razov,2008,F,CHV,24,19,1584,5,6,0.32,0.38,1,2,2,3,4,2,510000.0,517500.0,11
Ante Razov,2009,F,CHV,0,0,0,0,0,0.0,0.0,0,0,0,0,0,0,140000.0,147750.0,0
Anthony Arena,2013,D,HOU,1,0,70,0,0,0.0,0.0,0,0,0,0,0,0,70250.0,70250.0,0
Anthony Arena,2014,D,HOU,0,0,0,0,0,0.0,0.0,0,0,0,0,0,0,36504.0,36504.0,0
Anthony Hamilton,2007,F,CHV,3,0,31,0,0,0.0,0.0,0,0,0,0,0,0,35400.0,35400.0,0
Anthony Hamilton,2008,F,CHV,5,0,47,0,0,0.0,0.0,0,0,0,0,0,0,35400.0,35400.0,0
Anthony Jackson-Hamel,2014,F,MTL,4,1,132,0,0,0.0,0.0,0,0,0,0,0,0,36504.0,36504.0,0
Anthony Jackson-Hamel,2015,F,MTL,8,0,156,0,0,0.0,0.0,0,0,0,0,0,0,120000.0,120000.0,0
Anthony Jackson-Hamel,2016,F,MTL,7,1,171,1,0,0.53,0.0,0,0,1,0,0,0,126000.0,126000.0,1
Anthony Jackson-Hamel,2017,F,MTL,21,11,1137,9,4,0.71,0.32,3,1,4,5,3,1,66150.0,66150.0,13
Anthony Manning,2015,D,POR,0,0,0,0,0,0.0,0.0,0,0,0,0,0,0,100000.08,100000.08,0
Anthony Manning,2016,D,POR,0,0,0,0,0,0.0,0.0,0,0,0,0,0,0,52500.0,52500.0,0
Anthony Obodai,2010,M,HOU,4,4,210,0,0,0.0,0.0,0,0,0,0,0,0,96000.0,112666.67,0
Anthony Wallace,2007,D,DAL,1,1,69,0,0,0.0,0.0,0,0,0,0,0,0,90000.0,156000.0,0
Anthony Wallace,2008,D,DAL,5,4,259,0,0,0.0,0.0,0,0,0,0,0,0,70000.0,103000.0,0
Anthony Wallace,2009,D,DAL,7,6,498,0,0,0.0,0.0,0,0,0,0,0,0,75000.0,108000.0,0
Anthony Wallace,2010,D,COL,13,11,904,0,1,0.0,0.16,0,0,0,0,1,0,115000.0,115000.0,1
Anthony Wallace,2011,D,COL,10,8,719,0,1,0.0,0.13,0,1,0,0,1,0,120750.0,120750.0,1
Anthony Wallace,2012,D,COL,0,0,0,0,0,0.0,0.0,0,0,0,0,0,0,63394.0,63394.0,0
Anthony Wallace,2013,D,COL,6,0,107,0,0,0.0,0.0,0,0,0,0,0,0,133127.4,133127.4,0
Antoine Hoppenot,2012,F,PHI,25,3,817,4,1,0.44,0.11,0,0,2,2,0,1,44000.0,44000.0,5
Antoine Hoppenot,2013,F,PHI,30,2,732,3,2,0.37,0.25,1,1,1,2,0,2,48400.0,48400.0,5
Antoine Hoppenot,2014,F,PHI,13,1,205,0,0,0.0,0.0,0,0,0,0,0,0,54450.0,54450.0,0
Antoine Hoppenot,2015,F,PHI,1,0,4,0,0,0.0,0.0,0,0,0,0,0,0,60000.0,60000.0,0
Anton Walkes,2017,D,ATL,21,18,1633,2,0,0.12,0.0,1,0,2,0,0,0,106008.0,106008.0,2
Antonio Mlinar Delamea,2017,D,NE,29,29,2547,1,1,0.04,0.04,0,0,1,0,1,0,400008.0,400008.0,2
Antonio Nocerino,2016,M,ORL,21,19,1509,0,0,0.0,0.0,0,0,0,0,0,0,600000.0,650000.0,0
Antonio Nocerino,2017,M,ORL,31,28,2234,1,0,0.04,0.0,0,0,1,0,0,0,800000.0,850000.0,1
Ariel Lassiter,2016,F,LA,3,2,133,0,0,0.0,0.0,0,0,0,0,0,0,103000.0,103000.0,0
Armando Cooper,2017,M,TOR,23,10,946,0,2,0.0,0.2,0,1,0,0,2,0,378000.0,404666.66,2
Arne Friedrich,2012,D,CHI,24,23,1922,1,0,0.05,0.0,1,0,0,1,0,0,350000.0,461666.66,1
Arturo Alvarez,2007,M,DAL,29,23,2035,3,3,0.14,0.14,0,1,2,1,1,2,65638.0,92038.0,6
Arturo Alvarez,2011,M,RSL,16,8,724,0,1,0.0,0.12,0,0,0,0,1,0,385170.0,403845.0,1
Arturo Alvarez,2016,M,CHI,30,24,1923,5,9,0.23,0.42,1,0,3,2,4,5,115000.0,118264.0,14
Arturo Alvarez,2017,M,CHI,26,13,1104,3,2,0.25,0.17,0,0,2,1,1,1,270000.0,285000.0,5
Ashley Cole,2016,D,LA,29,28,2527,1,0,0.04,0.0,0,0,1,0,0,0,600000.0,655250.0,1
Atiba Harris,2007,D,RSL,21,13,1257,0,1,0.0,0.07,0,0,0,0,1,0,30000.0,30000.0,1
Atiba Harris,2008,D,CHV,29,24,2100,3,5,0.13,0.22,2,2,3,0,5,0,114000.0,120000.0,8
Atiba Harris,2010,D,DAL,32,31,2758,4,3,0.15,0.39,0,2,2,2,0,3,137940.0,143940.0,7
Atiba Harris,2011,D,VAN,5,5,444,2,3,0.41,0.61,1,0,2,0,3,0,77590.0,80590.0,5
Atiba Harris,2012,D,VAN,7,3,253,0,0,0.0,0.0,0,0,0,0,0,0,300000.0,316550.0,0
Atiba Harris,2013,D,COL,30,25,2102,5,1,0.22,0.04,2,1,4,1,0,1,330000.0,346550.0,6
Atiba Harris,2015,D,DAL,27,20,1849,2,2,0.1,0.1,1,0,0,2,0,2,260000.0,260000.0,4
Atiba Harris,2016,D,DAL,30,24,2150,1,4,0.05,1.09,0,1,0,1,4,0,286000.0,286000.0,5
Atiba Harris,2017,D,DAL,29,21,2020,2,2,0.09,0.09,0,0,1,1,2,0,155004.0,155004.0,4
Austin Berry,2012,D,CHI,29,29,2610,3,0,0.11,0.0,1,0,1,2,0,0,88000.0,118000.0,3
Austin Berry,2013,D,CHI,34,34,3060,1,2,0.03,0.06,1,1,1,0,1,1,63425.0,78425.0,3
Austin Berry,2014,D,PHI,6,6,497,0,1,0.0,0.18,0,0,0,0,1,0,86994.0,101994.0,1
Austin Washington,2008,D,CHI,1,1,60,0,0,0.0,0.0,0,0,0,0,0,0,25800.0,25800.0,0
Austin Washington,2009,D,CHI,8,4,360,0,0,0.0,0.0,0,0,0,0,0,0,40200.0,40200.0,0
Babayele Sodade,2012,F,SEA,0,0,0,0,0,0.0,0.0,0,0,0,0,0,0,67512.0,67512.0,0
Baggio Husidic,2009,M,CHI,12,6,541,0,1,0.0,0.2,0,0,0,0,0,1,110000.0,194000.0,1
Baggio Husidic,2010,M,CHI,22,18,1498,5,3,0.3,0.18,1,0,4,1,2,1,75000.0,117000.0,8
Baggio Husidic,2011,M,CHI,18,9,794,0,2,0.0,0.23,0,0,0,0,1,1,82500.0,124500.0,2
Baggio Husidic,2016,M,LA,32,19,1848,2,2,0.12,0.12,1,0,1,1,1,1,300000.0,300000.0,4
Bakary Soumare,2007,D,CHI,20,11,1104,0,0,0.0,0.0,0,0,0,0,0,0,90000.0,156000.0,0
Bakary Soumare,2008,D,CHI,31,31,2784,0,1,0.0,0.04,0,1,0,0,0,1,140000.0,206000.0,1
Bakary Soumare,2012,D,PHI,1,1,90,0,0,0.0,0.0,0,0,0,0,0,0,240000.0,280000.0,0
Bakary Soumare,2013,D,CHI,25,25,2180,1,0,0.04,0.0,0,0,0,1,0,0,310000.0,350000.0,1
Bakary Soumare,2014,D,CHI,26,25,2275,0,0,0.0,0.0,0,0,0,0,0,0,330000.0,370000.0,0
Bakary Soumare,2015,D,DAL,10,9,835,0,0,0.0,0.0,0,0,0,0,0,0,450000.0,450000.0,0
Ballou Jean-Yves Tabla,2017,F,MTL,21,11,1146,2,2,0.16,0.16,1,0,0,2,2,0,70000.0,78999.8,4
Barry Robson,2012,M,VAN,18,17,1511,3,2,0.19,0.13,1,0,3,0,2,0,879999.84,1192999.84,5
Bastian Schweinsteiger,2017,M,CHI,25,23,2018,3,6,0.14,0.27,2,2,2,1,6,0,10800000.0,10800000.0,9
Ben Hunter,2007,D,CLB,0,0,0,0,0,0.0,0.0,0,0,0,0,0,0,12900.0,12900.0,0
Ben McKendry,2015,M,VAN,0,0,0,0,0,0.0,0.0,0,0,0,0,0,0,100000.0,100000.0,0
Ben McKendry,2016,M,VAN,0,0,0,0,0,0.0,0.0,0,0,0,0,0,0,52500.0,52500.0,0
Ben McKendry,2017,M,VAN,1,1,90,0,0,0.0,0.0,0,0,0,0,0,0,130000.0,130000.0,0
Ben Polk,2016,F,POR,0,0,0,0,0,0.0,0.0,0,0,0,0,0,0,62500.0,68750.0,0
Ben Sippola,2011,M,CLB,0,0,0,0,0,0.0,0.0,0,0,0,0,0,0,65200.08,65200.08,0
Ben Speas,2012,M-F,CLB,1,1,64,0,0,0.0,0.0,0,0,0,0,0,0,58000.0,58000.0,0
Ben Speas,2013,M-F,CLB,19,10,935,1,1,0.1,0.1,1,0,0,1,0,1,62000.0,62000.0,2
Ben Speas,2014,M-F,CLB,14,8,720,1,3,0.13,0.38,0,0,1,0,2,1,130200.0,130200.0,4
Ben Speas,2015,M-F,CLB,8,2,215,0,0,0.0,0.0,0,0,0,0,0,0,136710.0,136710.0,0
Ben Swanson,2015,M,CLB,0,0,0,0,0,0.0,0.0,0,0,0,0,0,0,120000.0,160833.34,0
Ben Swanson,2016,M,CLB,1,0,16,0,0,0.0,0.0,0,0,0,0,0,0,70000.0,90416.67,0
Ben Swanson,2017,M,CLB,0,0,0,0,0,0.0,0.0,0,0,0,0,0,0,170000.0,210833.34,0
Ben Zemanski,2010,M,CHV,22,17,1543,0,1,0.0,0.06,0,0,0,0,1,0,40000.0,40000.0,1
Ben Zemanski,2011,M,CHV,28,23,2056,2,4,0.09,0.18,1,1,2,0,2,2,44000.0,44000.0,6
Ben Zemanski,2012,M,CHV,22,18,1649,0,2,0.0,0.11,0,1,0,0,0,2,57690.0,60190.0,2
Ben Zemanski,2013,M,POR,27,9,1014,1,2,0.09,0.18,0,0,0,1,2,0,147000.0,152000.0,3
Ben Zemanski,2014,M,POR,13,7,734,0,0,0.0,0.0,0,0,0,0,0,0,80850.0,83350.0,0
Ben Zemanski,2015,M,POR,0,0,0,0,0,0.0,0.0,0,0,0,0,0,0,162066.0,167066.0,0
Ben Zemanski,2016,M,POR,16,11,1010,0,1,0.0,0.09,0,0,0,0,1,0,85000.0,89000.0,1
Ben Zemanski,2017,M,POR,7,4,438,0,1,0.0,0.21,0,0,0,0,1,0,210000.0,218000.0,1
Benjamin Angoua,2017,D,NE,26,26,2311,1,0,0.04,0.0,1,0,1,0,0,0,600000.0,654333.33,1
Benji Joya,2014,M,CHI,12,9,651,1,0,0.14,0.0,0,0,0,1,0,0,48504.0,53504.0,1
Benoit Cheyrou,2015,M,TOR,29,29,2498,1,7,0.04,0.26,0,3,0,1,3,4,499999.92,518666.58,8
Benoit Cheyrou,2016,M,TOR,17,9,880,1,2,1.13,0.23,0,1,1,0,1,1,500000.0,518666.66,3
Benoit Cheyrou,2017,M,TOR,14,7,616,1,0,0.15,0.0,0,0,0,1,0,0,130008.0,130008.0,1
Bilal Duckett,2011,D,VAN,4,2,226,0,0,0.0,0.0,0,0,0,0,0,0,32600.0,32600.0,0
Bismark Adjei-Boateng,2017,M,COL,18,10,806,0,1,0.0,0.11,0,0,0,0,1,0,300000.0,341246.0,1
Blair Gavin,2010,M,CHV,16,16,1369,3,1,0.2,0.07,1,0,2,1,1,0,50000.0,69000.0,4
Blair Gavin,2011,M,CHV,18,11,958,0,3,0.0,0.28,0,0,0,0,2,1,55000.0,74000.0,3
Blair Gavin,2013,M,SEA,0,0,0,0,0,0.0,0.0,0,0,0,0,0,0,70250.0,70250.0,0
Blaise Nkufo,2010,F,SEA,13,13,1111,5,0,0.48,0.0,2,0,1,4,0,0,960000.0,960000.0,5
Blake Smith,2013,D,MTL,16,0,276,2,1,0.65,0.33,1,1,2,0,1,0,93000.0,160500.0,3
Blake Smith,2014,D,MTL,3,0,43,0,0,0.0,0.0,0,0,0,0,0,0,51150.0,84900.0,0
Blake Wagner,2007,D-M,DAL,1,1,90,0,0,0.0,0.0,0,0,0,0,0,0,66000.0,91000.0,0
Blake Wagner,2008,D-M,DAL,24,23,2068,0,0,0.0,0.0,0,0,0,0,0,0,36300.0,48800.0,0
Blake Wagner,2009,D-M,DAL,15,8,789,0,0,0.0,0.0,0,0,0,0,0,0,50930.0,63430.0,0
Bobby Boswell,2011,D,HOU,32,31,2820,5,1,0.18,0.04,2,0,3,2,1,0,420000.0,420000.0,6
Bobby Boswell,2012,D,HOU,39,39,3470,2,1,0.06,0.03,0,1,2,0,0,1,400000.0,400000.0,3
Bobby Boswell,2013,D,HOU,37,37,3310,0,1,0.0,0.03,0,1,0,0,0,1,440000.0,440000.0,1
Bobby Boswell,2016,D,DC,31,30,2722,2,1,0.07,0.03,1,1,1,1,1,0,520000.0,520000.0,3
Bobby Burling,2007,D,CHV,0,0,0,0,0,0.0,0.0,0,0,0,0,0,0,25800.0,25800.0,0
Bobby Burling,2008,D,CHV,21,18,1681,0,0,0.0,0.0,0,0,0,0,0,0,35400.0,35400.0,0
Bobby Burling,2012,D,CHV,3,3,270,0,0,0.0,0.0,0,0,0,0,0,0,48000.0,51333.33,0
Bobby Burling,2013,D,CHV,23,18,1651,0,0,0.0,0.0,0,0,0,0,0,0,85000.0,88333.33,0
Bobby Burling,2014,D,CHV,22,20,1807,1,0,0.05,0.0,1,0,1,0,0,0,115000.0,122500.0,1
Bobby Burling,2015,D,COL,22,22,1958,2,0,0.09,0.0,0,0,2,0,0,0,132500.0,140000.0,2
Bobby Burling,2016,D,COL,16,16,1415,1,0,0.06,0.0,0,0,0,1,0,0,220000.0,232000.0,1
Bobby Burling,2017,D,COL,12,8,760,0,0,0.0,0.0,0,0,0,0,0,0,120000.0,126000.0,0
Bobby Rhine,2007,M,DAL,21,9,1070,0,1,0.0,0.43,0,0,0,0,0,1,120000.0,125000.0,1
Bobby Rhine,2008,M,DAL,7,6,472,0,1,0.0,0.19,0,0,0,0,1,0,65000.0,67500.0,1
Bobby Warshaw,2011,D,DAL,17,4,461,1,0,0.2,0.0,1,0,0,1,0,0,84000.0,106500.0,1
Bobby Warshaw,2012,D,DAL,6,2,298,0,0,0.0,0.0,0,0,0,0,0,0,46200.0,57450.0,0
Bobby Warshaw,2013,D,DAL,9,1,130,0,0,0.0,0.0,0,0,0,0,0,0,50820.0,62070.0,0
Bojan Stepanovic,2009,M,CHV,16,7,756,1,2,0.12,0.24,0,1,0,1,1,1,240000.0,243500.0,3
Boniek Garcia,2016,M,HOU,31,24,2249,0,9,0.0,0.36,0,1,0,0,2,7,225000.0,247500.0,9
Boniek Garcia,2017,M,HOU,22,12,1217,0,4,0.0,0.31,0,1,0,0,3,1,450000.0,495000.0,4
Boyd Okwuonu,2015,D,RSL,3,1,118,0,0,0.0,0.0,0,0,0,0,0,0,60000.0,80000.0,0
Boyd Okwuonu,2016,D,RSL,2,1,92,0,0,0.0,0.0,0,0,0,0,0,0,132000.0,172000.0,0
Brad Davis,2007,M,HOU,21,19,1602,4,4,0.49,0.49,0,2,4,0,1,3,240000.0,240000.0,8
Brad Davis,2008,M,HOU,28,22,1957,3,8,0.15,0.4,1,4,2,1,5,3,252000.0,252000.0,11
Brad Davis,2009,M,HOU,30,29,2491,5,12,0.2,0.49,2,3,3,2,8,4,264600.0,264600.0,17
Brad Davis,2010,M,HOU,27,25,2163,5,12,0.21,0.5,2,3,4,1,6,6,215000.04,258062.54,17
Brad Davis,2011,M,HOU,37,37,3111,4,18,0.12,1.3199999999999998,0,7,3,1,14,4,470000.0,556125.0,22
Brad Davis,2012,M,HOU,37,34,3049,8,15,0.29,0.94,3,4,5,3,9,6,530000.0,624125.0,23
Brad Davis,2013,M,HOU,31,30,2677,5,10,0.35,0.56,1,3,2,3,6,4,650000.0,744125.0,15
Brad Davis,2014,M,HOU,25,25,2071,4,11,0.17,0.48,0,4,1,3,7,4,345000.0,392062.5,15
Brad Davis,2015,M,HOU,30,29,2596,4,10,0.14,0.35,1,3,3,1,8,2,400000.0,445500.0,14
Brad Evans,2007,D-M,CLB,4,1,108,0,1,0.0,0.83,0,0,0,0,1,0,17700.0,17700.0,1
Brad Evans,2008,D-M,CLB,30,22,2116,6,1,0.51,0.05,4,0,4,2,0,1,66000.0,66000.0,7
Brad Evans,2009,D-M,SEA,29,27,2504,3,2,0.12,0.08,1,1,3,0,1,1,89100.0,89100.0,5
Brad Evans,2010,D-M,SEA,12,11,965,1,3,0.09,0.28,1,2,1,0,2,1,220000.0,247500.0,4
Brad Evans,2011,D-M,SEA,22,19,1620,5,5,0.3,0.3,0,4,2,3,3,2,242000.0,269500.0,10
Brad Evans,2012,D-M,SEA,33,33,2731,4,5,0.15,0.4,1,1,3,1,2,3,290950.0,318450.0,9
Brad Evans,2013,D-M,SEA,27,24,2031,5,6,0.53,0.5900000000000001,1,1,4,1,5,1,334592.0,362092.0,11
Brad Evans,2014,D-M,SEA,30,26,2255,1,5,0.25,0.24,0,1,1,0,1,4,535330.0,587332.5,6
Brad Evans,2015,D-M,SEA,29,28,2435,1,2,0.04,0.08,1,1,1,0,2,0,553330.0,605332.5,3
Brad Evans,2016,D-M,SEA,28,21,1927,1,1,0.05,0.05,1,0,0,1,1,0,553330.0,605332.5,2
Brad Evans,2017,D-M,SEA,11,6,480,1,0,0.19,0.0,0,0,1,0,0,0,600000.0,677002.5,1
Brad Ring,2013,D,POR,4,3,271,0,0,0.0,0.0,0,0,0,0,0,0,93000.0,93000.0,0
Brad Rusin,2013,D,VAN,19,16,1391,0,0,0.0,0.0,0,0,0,0,0,0,120000.0,120000.0,0
Bradlee Baladez,2013,M-F,DAL,1,0,27,0,0,0.0,0.0,0,0,0,0,0,0,35125.0,36125.0,0
Bradley Bourgeois,2016,D,HOU,0,0,0,0,0,0.0,0.0,0,0,0,0,0,0,51500.0,51500.0,0
Bradley Orr,2014,D,TOR,19,14,1144,1,1,0.08,0.08,0,1,0,1,1,0,75000.0,75000.0,2
Brandon Aubrey,2017,D,TOR,0,0,0,0,0,0.0,0.0,0,0,0,0,0,0,150000.0,187500.0,0
Brandon Moss,2007,D,CLB,0,0,0,0,0,0.0,0.0,0,0,0,0,0,0,17700.0,17700.0,0
Brandon Prideaux,2007,D,COL,21,21,1770,0,0,0.0,0.0,0,0,0,0,0,0,76403.0,76403.0,0
Brandon Prideaux,2008,D,CHI,30,30,2504,0,1,0.0,0.04,0,0,0,0,0,1,144000.0,144000.0,1
Brandon Prideaux,2009,D,CHI,22,19,1714,0,2,0.0,0.36,0,1,0,0,2,0,151200.0,151200.0,2
Brandon Vincent,2016,D,CHI,26,24,2191,0,3,0.0,0.12,0,1,0,0,3,0,70000.0,91875.0,3
Brandon Vincent,2017,D,CHI,28,27,2431,2,5,0.08,0.19,0,2,1,1,5,0,192500.0,236250.0,7
Brandt Bronico,2017,M,CHI,4,0,53,0,0,0.0,0.0,0,0,0,0,0,0,130008.0,130008.0,0
Brendan King,2013,M,CHI,0,0,0,0,0,0.0,0.0,0,0,0,0,0,0,35125.0,35125.0,0
Brennan Tennelle,2008,M,RSL,0,0,0,0,0,0.0,0.0,0,0,0,0,0,0,25800.0,25800.0,0
Brent Richards,2012,F,POR,6,2,201,0,0,0.0,0.0,0,0,0,0,0,0,62500.0,70867.29,0
Brent Richards,2013,F,POR,0,0,0,0,0,0.0,0.0,0,0,0,0,0,0,131250.0,147984.58,0
Brenton Griffiths,2013,D,COL,1,0,1,0,0,0.0,0.0,0,0,0,0,0,0,70250.0,70250.0,0
Brett Levis,2017,D,VAN,0,0,0,0,0,0.0,0.0,0,0,0,0,0,0,130000.0,135000.0,0
Brian Brown,2014,F,PHI,8,1,230,2,1,0.78,0.39,0,0,1,1,1,0,48504.0,53004.0,3
Brian Carroll,2008,M,CLB,34,34,3052,1,3,0.03,0.32,0,2,1,0,2,1,245000.0,252500.0,4
Brian Carroll,2009,M,CLB,28,28,2473,0,1,0.0,0.04,0,0,0,0,1,0,267750.0,275250.0,1
Brian Carroll,2010,M,CLB,30,29,2594,1,0,0.04,0.0,0,0,1,0,0,0,281138.0,288638.0,1
Brian Carroll,2011,M,PHI,32,32,2751,1,0,0.04,0.0,0,0,0,1,0,0,320000.0,320000.0,1
Brian Carroll,2012,M,PHI,33,32,2898,1,1,0.03,0.03,0,0,0,1,0,1,168000.0,168000.0,2
Brian Carroll,2013,M,PHI,33,33,2969,2,1,0.06,0.03,1,0,2,0,1,0,176400.0,176400.0,3
Brian Carroll,2014,M,PHI,21,17,1467,0,1,0.0,0.06,0,0,0,0,1,0,185220.0,185220.0,1
Brian Carroll,2015,M,PHI,22,21,1820,0,0,0.0,0.0,0,0,0,0,0,0,150000.0,150000.0,0
Brian Carroll,2016,M,PHI,26,23,2094,1,0,0.04,0.0,0,0,0,1,0,0,240000.0,240000.0,1
Brian Carroll,2017,M,PHI,1,0,45,0,0,0.0,0.0,0,0,0,0,0,0,132000.0,140000.0,0
Brian Ching,2007,F,HOU,23,20,1870,9,3,1.04,0.43,4,0,6,3,1,2,440000.0,440000.0,12
Brian Ching,2008,F,HOU,27,26,2276,13,5,0.56,0.21,3,1,8,5,3,2,462000.0,462000.0,18
Brian Ching,2009,F,HOU,22,21,1863,9,3,0.75,0.17,2,0,8,1,2,1,485100.0,485100.0,12
Brian Ching,2010,F,HOU,20,16,1425,7,3,0.44,0.19,1,0,5,2,2,1,350000.0,350000.0,10
Brian Ching,2011,F,HOU,24,19,1562,6,2,0.64,0.35000000000000003,3,2,5,1,1,1,750000.0,825000.0,8
Brian Ching,2012,F,HOU,34,13,1421,5,5,0.32,0.32,1,2,2,3,2,3,384000.0,472000.0,10
Brian Ching,2013,F,HOU,14,0,232,0,1,0.0,0.39,0,0,0,0,0,1,100000.0,150000.0,1
Brian Grazier,2008,M,COL,0,0,0,0,0,0.0,0.0,0,0,0,0,0,0,12900.0,12900.0,0
Brian McBride,2008,F,CHI,14,13,1202,6,2,0.81,0.19,0,1,4,2,0,2,327999.84,378666.5,8
Brian McBride,2009,F,CHI,25,25,2229,7,2,0.32,0.09,1,0,3,4,1,1,720000.0,770666.66,9
Brian McBride,2010,F,CHI,26,18,1604,6,3,0.34,0.17,0,1,2,4,1,2,378000.0,403333.33,9
Brian Mullan,2007,D,HOU,32,32,2797,1,3,0.04,0.11,1,1,1,0,3,0,250000.0,250000.0,4
Brian Mullan,2008,D,HOU,32,30,2504,3,5,0.12,0.19,2,1,2,1,2,3,312480.0,331105.0,8
Brian Mullan,2009,D,HOU,28,26,2280,0,4,0.0,0.18,0,0,0,0,2,2,342000.0,360625.0,4
Brian Mullan,2011,D,COL,25,22,1935,1,2,0.05,0.38,1,1,1,0,1,1,380000.0,398625.0,3
Brian Mullan,2012,D,COL,28,25,2116,2,7,0.09,0.3,0,2,2,0,3,4,152000.0,160335.0,9
Brian Mullan,2013,D,COL,16,15,1359,0,2,0.0,0.13,0,0,0,0,2,0,324000.0,340670.0,2
Brian Mullan,2014,D,COL,0,0,0,0,0,0.0,0.0,0,0,0,0,0,0,48500.0,48500.0,0
Brian Ownby,2012,M,HOU,7,0,115,0,2,0.0,1.57,0,0,0,0,1,1,88000.0,88000.0,2
Brian Ownby,2013,M,HOU,3,0,52,0,0,0.0,0.0,0,0,0,0,0,0,93000.0,93000.0,0
Brian Ownby,2014,M,HOU,19,0,329,0,0,0.0,0.0,0,0,0,0,0,0,48825.0,48825.0,0
Brian Plotkin,2007,M,CHI,8,5,460,0,0,0.0,0.0,0,0,0,0,0,0,60000.0,60000.0,0
Brian Span,2014,M,DAL,0,0,0,0,0,0.0,0.0,0,0,0,0,0,0,97000.0,97000.0,0
Brian Umony,2011,F,POR,6,0,131,0,1,0.0,0.69,0,0,0,0,0,1,65004.0,85004.0,1
Brian Wright,2017,F,NE,2,0,45,0,0,0.0,0.0,0,0,0,0,0,0,65625.0,84375.0,0
Bright Dike,2011,F,POR,11,0,164,1,0,0.55,0.0,0,0,0,1,0,0,42000.0,44937.5,1
Bright Dike,2012,F,POR,12,9,896,5,0,0.5,0.0,1,0,3,2,0,0,55000.0,57937.5,5
Bright Dike,2014,F,TOR,2,0,19,0,0,0.0,0.0,0,0,0,0,0,0,60637.5,63575.0,0
Bruno Guarda,2008,M,DAL,12,9,822,1,1,0.11,0.11,0,0,0,1,1,0,45000.0,65500.0,2
Bruno Guarda,2009,M,DAL,4,2,217,0,0,0.0,0.0,0,0,0,0,0,0,70000.0,90500.0,0
Bruno Guarda,2010,M,DAL,9,2,233,0,0,0.0,0.0,0,0,0,0,0,0,150000.0,210000.0,0
Bruno Guarda,2011,M,DAL,11,5,500,0,2,0.0,0.36,0,0,0,0,0,2,96000.0,126000.0,2
Bruno Guarda,2012,M,DAL,4,1,169,0,0,0.0,0.0,0,0,0,0,0,0,60000.0,75000.0,0
Bryan Arguez,2012,M,MTL,0,0,0,0,0,0.0,0.0,0,0,0,0,0,0,65000.0,65000.0,0
Bryan Gallego,2014,D,POR,0,0,0,0,0,0.0,0.0,0,0,0,0,0,0,36500.0,36750.0,0
Bryan Leyva,2010,M,DAL,1,0,13,0,0,0.0,0.0,0,0,0,0,0,0,90000.0,121666.66,0
Bryan Leyva,2011,M,DAL,0,0,0,0,0,0.0,0.0,0,0,0,0,0,0,110000.0,141666.66,0
Bryan Leyva,2012,M,DAL,8,6,433,0,0,0.0,0.0,0,0,0,0,0,0,60000.0,75833.33,0
Bryan Reynolds,2017,D,DAL,0,0,0,0,0,0.0,0.0,0,0,0,0,0,0,53000.0,55000.0,0
Bryan Salazar,2013,F,HOU,0,0,0,0,0,0.0,0.0,0,0,0,0,0,0,93000.0,95000.0,0
Bryan Salazar,2014,F,HOU,0,0,0,0,0,0.0,0.0,0,0,0,0,0,0,48825.0,49825.0,0
Bryan de la Fuente,2013,F,CHV,11,11,884,2,0,0.2,0.0,0,0,2,0,0,0,35125.0,35125.0,2
Bryce Alderson,2012,M,VAN,0,0,0,0,0,0.0,0.0,0,0,0,0,0,0,120000.0,150000.0,0
Bryce Alderson,2013,M,VAN,0,0,0,0,0,0.0,0.0,0,0,0,0,0,0,65000.0,80000.0,0
Bryce Alderson,2014,M,VAN,0,0,0,0,0,0.0,0.0,0,0,0,0,0,0,100000.0,115000.0,0
C.J. Brown,2007,D,CHI,32,32,2835,0,0,0.0,0.0,0,0,0,0,0,0,212782.0,212782.0,0
C.J. Brown,2008,D,CHI,3,2,194,0,0,0.0,0.0,0,0,0,0,0,0,223422.0,223422.0,0
C.J. Brown,2009,D,CHI,21,20,1754,0,0,0.0,0.0,0,0,0,0,0,0,182400.0,192000.0,0
C.J. Brown,2010,D,CHI,26,26,2340,0,0,0.0,0.0,0,0,0,0,0,0,95760.0,100560.0,0
Caleb Calvert,2013,F,CHV,0,0,0,0,0,0.0,0.0,0,0,0,0,0,0,48000.0,55500.0,0
Caleb Calvert,2014,F,CHV,0,0,0,0,0,0.0,0.0,0,0,0,0,0,0,55000.0,62500.0,0
Caleb Calvert,2015,F,COL,0,0,0,0,0,0.0,0.0,0,0,0,0,0,0,65000.0,72500.0,0
Caleb Calvert,2016,F,COL,8,1,165,0,0,0.0,0.0,0,0,0,0,0,0,150000.0,165000.0,0
Caleb Calvert,2017,F,COL,12,3,378,1,1,0.24,0.24,0,1,0,1,1,0,100000.0,107500.0,2
Caleb Clarke,2012,F,VAN,2,0,15,0,0,0.0,0.0,0,0,0,0,0,0,88000.08,88000.08,0
Caleb Clarke,2013,F,VAN,0,0,0,0,0,0.0,0.0,0,0,0,0,0,0,46500.0,46500.0,0
Caleb Clarke,2014,F,VAN,0,0,0,0,0,0.0,0.0,0,0,0,0,0,0,60000.0,60000.0,0
Caleb Clarke,2015,F,VAN,0,0,0,0,0,0.0,0.0,0,0,0,0,0,0,120000.0,120000.0,0
Caleb Folan,2011,F,COL,28,18,1634,6,2,0.36,0.12,0,2,4,2,0,2,400000.0,406750.0,8
Calen Carr,2007,F,CHI,30,11,1241,3,4,0.24,1.8399999999999999,0,1,2,1,1,3,76000.0,101000.0,7
Calen Carr,2008,F,CHI,9,2,274,2,0,0.66,0.0,0,0,1,1,0,0,101200.0,126200.0,2
Calen Carr,2009,F,CHI,10,0,90,0,0,0.0,0.0,0,0,0,0,0,0,116820.0,141820.0,0
Calen Carr,2010,F,CHI,14,4,538,3,0,0.5,0.0,1,0,1,2,0,0,71250.0,75500.0,3
Calen Carr,2011,F,HOU,13,8,679,2,0,0.54,0.0,1,0,0,2,0,0,149626.0,158126.0,2
Calen Carr,2012,F,HOU,30,21,1763,5,4,0.6,0.84,2,2,3,2,3,1,157108.0,165608.0,9
Calen Carr,2013,F,HOU,0,0,0,0,0,0.0,0.0,0,0,0,0,0,0,180676.0,189176.0,0
Calum Mallace,2012,M,MTL,4,4,289,0,0,0.0,0.0,0,0,0,0,0,0,44000.0,59000.0,0
Calum Mallace,2013,M,MTL,2,0,36,0,0,0.0,0.0,0,0,0,0,0,0,94600.0,124600.0,0
Calum Mallace,2014,M,MTL,23,12,1122,1,3,0.08,0.24,0,0,0,1,1,2,50848.0,65848.0,4
Calum Mallace,2015,M,MTL,29,22,1970,0,3,0.0,0.15,0,1,0,0,2,1,120000.0,150000.0,3
Calum Mallace,2016,M,MTL,21,10,927,0,0,0.0,0.0,0,0,0,0,0,0,200000.0,232500.0,0
Calum Mallace,2017,M,MTL,7,4,298,0,0,0.0,0.0,0,0,0,0,0,0,230000.0,262500.0,0
Cam Weaver,2009,F,HOU,19,9,788,4,3,0.47,0.35,1,1,1,3,2,1,129960.0,146460.0,7
Cam Weaver,2010,F,HOU,14,9,807,3,1,0.33,0.11,1,0,1,2,0,1,85000.0,93250.0,4
Cam Weaver,2011,F,HOU,28,16,1611,4,1,0.22,0.06,0,0,3,1,1,0,178500.0,195000.0,5
Cam Weaver,2012,F,HOU,12,2,288,0,0,0.0,0.0,0,0,0,0,0,0,196350.0,212850.0,0
Cam Weaver,2013,F,HOU,27,7,873,2,1,0.25,0.55,0,1,2,0,0,1,200000.0,216813.34,3
Cam Weaver,2014,F,SEA,3,0,31,0,0,0.0,0.0,0,0,0,0,0,0,97008.0,98008.0,0
Cameron Porter,2015,F,MTL,2,1,39,0,0,0.0,0.0,0,0,0,0,0,0,100000.0,100000.0,0
Cameron Porter,2016,F,MTL,2,0,32,0,0,0.0,0.0,0,0,0,0,0,0,125000.0,139500.0,0
Camilo Sanvezzo,2011,F,VAN,32,29,2484,12,3,0.43,0.11,2,0,7,5,2,1,127920.0,133545.0,15
Camilo Sanvezzo,2012,F,VAN,28,19,1719,5,7,0.26,0.37,1,2,5,0,5,2,400000.0,475000.0,12
Camilo Sanvezzo,2013,F,VAN,32,27,2418,22,6,0.82,0.22,5,2,14,8,3,3,210000.0,247500.0,28
Carey Talley,2007,D,RSL,26,25,2195,3,1,0.12,0.04,0,1,2,1,0,1,118248.0,118248.0,4
Carey Talley,2008,D,CHV,22,20,1729,2,2,0.11,0.11,0,1,0,2,0,2,210000.0,210000.0,4
Carey Talley,2009,D,CHV,29,29,2581,0,1,0.0,0.04,0,1,0,0,1,0,256512.0,256512.0,1
Carlo Costly,2011,F,HOU,15,7,640,2,1,1.5699999999999998,0.16,0,0,1,1,1,0,670000.08,851166.74,3
Carlos Alvarez,2013,M,CHV,29,26,2182,2,3,0.08,0.12,0,0,1,1,1,2,46500.0,81500.0,5
Carlos Alvarez,2015,M,COL,1,0,31,0,0,0.0,0.0,0,0,0,0,0,0,70000.0,70000.0,0
Carlos Bocanegra,2013,D,CHV,12,12,1052,0,0,0.0,0.0,0,0,0,0,0,0,228000.0,261333.33,0
Carlos Bocanegra,2014,D,CHV,18,18,1620,0,0,0.0,0.0,0,0,0,0,0,0,300000.0,333333.33,0
Carlos Borja,2010,D,CHV,8,4,456,1,0,0.2,0.0,0,0,1,0,0,0,40000.0,40000.0,1
Carlos Borja,2013,D,CHV,26,22,2010,0,2,0.0,0.09,0,0,0,0,1,1,46500.0,46500.0,2
Carlos Carmona,2017,M,ATL,32,31,2804,2,2,0.07,0.07,0,1,1,1,2,0,1350000.0,1450000.0,4
Carlos Cermeno,2017,M,DAL,8,3,315,0,0,0.0,0.0,0,0,0,0,0,0,120000.0,123000.0,0
Carlos Gruezo,2016,M,DAL,29,28,2420,0,2,0.0,0.08,0,1,0,0,2,0,900000.0,1373000.0,2
Carlos Gruezo,2017,M,DAL,31,30,2613,0,4,0.0,0.14,0,2,0,0,3,1,495000.0,731500.0,4
Carlos Lizarazo,2016,M-F,DAL,9,2,177,0,0,0.0,0.0,0,0,0,0,0,0,125016.0,261266.0,0
Carlos Llamosa,2007,D,CHV,0,0,0,0,0,0.0,0.0,0,0,0,0,0,0,168000.0,168000.0,0
Carlos Mendes,2012,D,CLB,12,12,949,0,0,0.0,0.0,0,0,0,0,0,0,103084.0,106209.0,0
Carlos Rivas,2015,F,ORL,27,13,1372,0,4,0.0,0.26,0,1,0,0,1,3,60000.0,60000.0,4
Carlos Rivas,2016,F,ORL,21,8,799,3,4,0.34,0.45,1,1,0,3,1,3,80000.0,80000.0,7
Carlos Rivas,2017,F,ORL,30,21,1960,5,5,0.23,0.23,1,1,3,2,3,2,375000.0,375000.0,10
Carlos Ruiz,2007,F,DAL,24,21,1906,8,2,0.86,0.1,0,0,2,6,0,2,650000.0,870000.0,10
Carlos Salcedo,2013,D,RSL,13,12,1070,0,0,0.0,0.0,0,0,0,0,0,0,70250.0,70250.0,0
Carlos Salcedo,2014,D,RSL,12,8,800,1,0,0.11,0.0,0,0,1,0,0,0,97000.0,97000.0,1
Carlyle Mitchell,2012,D,VAN,2,2,180,0,0,0.0,0.0,0,0,0,0,0,0,88200.0,88200.0,0
Carlyle Mitchell,2013,D,VAN,15,13,1179,0,2,0.0,0.15,0,0,0,0,1,1,46500.0,46500.0,2
Carlyle Mitchell,2014,D,VAN,8,8,720,1,0,0.13,0.0,0,0,1,0,0,0,48825.0,50075.0,1
Casey Townsend,2012,F,CHV,17,10,907,1,2,0.1,0.2,1,0,0,1,0,2,44000.0,79000.0,3
Cedrick Mabwati,2015,M,CLB,13,1,331,1,1,0.39,0.92,0,0,1,0,1,0,402857.04,440357.04,2
Cedrick Mabwati,2016,M,CLB,17,6,593,1,0,0.15,0.0,0,0,1,0,0,0,235000.0,263350.0,1
Cesar Romero,2012,F,CHV,12,4,392,0,1,0.0,0.23,0,0,0,0,1,0,33750.0,33750.0,1
Cesar Zambrano,2008,M,COL,1,1,90,0,0,0.0,0.0,0,0,0,0,0,0,12900.0,12900.0,0
Cesar Zamora,2009,M,CHV,0,0,0,0,0,0.0,0.0,0,0,0,0,0,0,20100.0,20100.0,0
Cesar Zamora,2010,M,CHV,0,0,0,0,0,0.0,0.0,0,0,0,0,0,0,40000.0,40000.0,0
Chad Barrett,2007,F,CHI,33,28,2181,8,2,0.77,0.09,2,0,5,3,2,0,82425.0,97425.0,10
Chad Barrett,2014,F,SEA,27,8,895,7,1,0.73,0.1,3,1,3,4,0,1,160000.0,170000.0,8
Chad Barrett,2015,F,SEA,20,9,765,5,0,0.63,0.0,2,0,2,3,0,0,190000.0,200000.0,5
Chad Barrett,2016,F,SJ,20,3,531,2,1,0.34,0.17,0,0,1,1,0,1,90000.0,95500.0,3
Chad Barrett,2017,F,RSL,3,0,65,0,0,0.0,0.0,0,0,0,0,0,0,99000.0,105000.0,0
Chad Barson,2013,D,CLB,20,18,1612,0,1,0.0,0.06,0,1,0,0,0,1,46500.0,46500.0,1
Chad Barson,2014,D,CLB,13,8,766,0,0,0.0,0.0,0,0,0,0,0,0,97650.0,97650.0,0
Chad Barson,2015,D,CLB,10,4,456,0,1,0.0,0.2,0,0,0,0,1,0,120000.0,120000.0,1
Chad Barson,2016,D,CLB,7,3,326,0,0,0.0,0.0,0,0,0,0,0,0,63000.0,63000.0,0
Chad Marshall,2007,D,CLB,12,11,1020,2,0,0.18,0.0,0,0,0,2,0,0,100000.0,123000.0,2
Chad Marshall,2008,D,CLB,33,33,2844,6,2,0.64,0.07,4,0,4,2,1,1,250000.0,296000.0,8
Chad Marshall,2009,D,CLB,20,20,1760,4,0,0.23,0.0,3,0,3,1,0,0,500000.0,640000.0,4
Chad Marshall,2010,D,CLB,26,26,2370,1,2,0.04,0.08,0,0,0,1,1,1,500000.0,640000.0,3
Chad Marshall,2011,D,CLB,33,33,2925,0,1,0.0,0.03,0,0,0,0,1,0,500000.0,640000.0,1
Chad Marshall,2012,D,CLB,24,24,2146,2,0,0.08,0.0,0,0,2,0,0,0,310000.0,341250.0,2
Chad Marshall,2013,D,CLB,30,30,2638,1,0,0.03,0.0,0,0,0,1,0,0,330000.0,361250.0,1
Chad Marshall,2014,D,SEA,35,35,3150,1,3,0.03,0.1,1,0,1,0,1,2,540000.0,573333.34,4
Chad Marshall,2015,D,SEA,32,31,2829,1,0,0.3,0.0,0,0,0,1,0,0,550000.0,583333.34,1
Chad Marshall,2016,D,SEA,36,36,3204,4,0,0.14,0.0,1,0,2,2,0,0,650000.0,683333.34,4
Chad Marshall,2017,D,SEA,33,32,2804,1,2,0.04,0.08,0,1,1,0,1,1,700000.0,732500.0,3
Chance Myers,2017,D,POR,1,1,44,0,0,0.0,0.0,0,0,0,0,0,0,250008.0,250008.0,0
Chandler Hoffman,2012,F,PHI,7,2,204,0,0,0.0,0.0,0,0,0,0,0,0,65000.0,91000.0,0
Chandler Hoffman,2015,F,HOU,5,0,30,0,0,0.0,0.0,0,0,0,0,0,0,60000.0,60000.0,0
Charles Eloundou,2014,F,COL,11,4,417,0,1,0.0,0.22,0,0,0,0,0,1,48825.0,53825.0,1
Charles Eloundou,2015,F,COL,11,3,341,0,2,0.0,0.53,0,0,0,0,2,0,60000.0,65000.0,2
Charles Renken,2012,M,POR,0,0,0,0,0,0.0,0.0,0,0,0,0,0,0,33750.0,33750.0,0
Charlie Davies,2017,F,PHI,3,0,25,0,0,0.0,0.0,0,0,0,0,0,0,108960.0,114684.94,0
Chase Wileman,2008,M,DAL,2,0,47,0,1,0.0,1.91,0,0,0,0,1,0,17700.0,17700.0,1
Chris Albright,2012,D,PHI,8,3,246,0,0,0.0,0.0,0,0,0,0,0,0,55000.0,55000.0,0
Chris Albright,2013,D,PHI,2,0,4,0,0,0.0,0.0,0,0,0,0,0,0,75000.0,75000.0,0
Chris Armas,2007,M,CHI,28,27,2464,0,2,0.0,0.08,0,0,0,0,1,1,450000.0,450000.0,2
Chris Birchall,2012,M,CLB,18,17,1515,1,2,0.06,0.12,1,0,1,0,1,1,102000.0,109000.0,3
Chris Brown,2007,M-F,RSL,22,12,1083,5,0,0.42,0.0,0,0,2,3,0,0,70000.0,70000.0,5
Chris Cortez,2011,F,CHV,9,1,207,0,0,0.0,0.0,0,0,0,0,0,0,32604.0,32604.0,0
Chris Durkin,2017,M,DC,0,0,0,0,0,0.0,0.0,0,0,0,0,0,0,70000.0,79166.67,0
Chris Gbandi,2007,D,DAL,23,21,1910,1,2,0.05,0.11,1,0,1,0,1,1,200000.0,207500.0,3
Chris Goslin,2017,M,ATL,0,0,0,0,0,0.0,0.0,0,0,0,0,0,0,140000.0,148000.0,0
Chris Klute,2012,D,COL,1,1,90,0,0,0.0,0.0,0,0,0,0,0,0,33750.0,33750.0,0
Chris Klute,2013,D,COL,32,31,2786,0,7,0.0,0.23,0,1,0,0,5,2,93000.0,93000.0,7
Chris Klute,2014,D,COL,25,24,2132,0,1,0.0,0.04,0,0,0,0,1,0,75000.0,80144.1,1
Chris Klute,2015,D,CLB,16,8,846,0,0,0.0,0.0,0,0,0,0,0,0,165000.0,175604.18,0
Chris Klute,2016,D,POR,8,8,709,0,0,0.0,0.0,0,0,0,0,0,0,86625.0,91924.63,0
Chris Lancos,2007,M-D,RSL,14,8,811,0,1,0.0,0.11,0,0,0,0,1,0,17700.0,17700.0,1
Chris Mannella,2014,M,TOR,0,0,0,0,0,0.0,0.0,0,0,0,0,0,0,36504.0,36504.0,0
Chris Mannella,2015,M,TOR,0,0,0,0,0,0.0,0.0,0,0,0,0,0,0,120000.0,120000.0,0
Chris Mannella,2016,M,TOR,0,0,0,0,0,0.0,0.0,0,0,0,0,0,0,126000.0,126000.0,0
Chris Mavinga,2017,D,TOR,31,29,2429,0,2,0.0,0.09,0,0,0,0,1,1,530016.0,601383.2,2
Chris McCann,2017,M-D,ATL,24,10,1067,0,2,0.0,0.19,0,0,0,0,2,0,1080000.0,1136000.0,2
Chris Odoi-Atsem,2017,D,DC,9,5,482,0,0,0.0,0.0,0,0,0,0,0,0,65000.04,72500.04,0
Chris Pontius,2016,M,PHI,34,33,2661,12,6,0.42,0.21,2,0,5,7,2,4,760000.0,822000.0,18
Chris Pontius,2017,M,PHI,30,27,2253,2,6,0.08,0.24,1,2,2,0,5,1,400000.0,431000.0,8
Chris Ritter,2014,M,CHI,10,8,636,0,0,0.0,0.0,0,0,0,0,0,0,48500.0,48500.0,0
Chris Ritter,2015,M,CHI,7,5,408,0,0,0.0,0.0,0,0,0,0,0,0,60000.0,60000.0,0
Chris Rolfe,2007,F,CHI,22,21,1721,8,3,1.04,0.19,3,1,3,5,2,1,140000.0,149400.0,11
Chris Rolfe,2008,F,CHI,29,26,2219,10,9,0.76,0.72,4,3,7,3,5,4,162750.0,172150.0,19
Chris Rolfe,2009,F,CHI,31,23,2140,7,1,0.6,0.05,3,0,0,7,0,1,191100.0,200500.0,8
Chris Rolfe,2012,F,CHI,23,20,1850,8,3,0.41,0.15,2,2,4,4,1,2,349992.0,396658.66,11
Chris Rolfe,2013,F,CHI,31,26,2135,4,1,0.17,0.04,1,0,3,1,0,1,225000.0,248333.33,5
Chris Rolfe,2016,F,DC,9,9,643,0,1,0.0,0.14,0,0,0,0,0,1,515000.0,545000.0,1
Chris Rolfe,2017,F,DC,0,0,0,0,0,0.0,0.0,0,0,0,0,0,0,275000.0,290000.0,0
Chris Schuler,2010,D,RSL,1,1,90,0,0,0.0,0.0,0,0,0,0,0,0,80000.0,80000.0,0
Chris Schuler,2011,D,RSL,23,18,1876,2,0,0.11,0.0,2,0,1,1,0,0,65200.0,65200.0,2
Chris Schuler,2012,D,RSL,13,9,944,0,1,0.0,0.1,0,0,0,0,1,0,88000.0,88000.0,1
Chris Schuler,2013,D,RSL,21,21,1950,2,0,0.35,0.0,0,0,2,0,0,0,200000.0,234000.0,2
Chris Schuler,2014,D,RSL,27,27,2334,3,1,0.13,0.04,0,0,3,0,1,0,290000.0,324000.0,4
Chris Schuler,2015,D,RSL,5,5,450,0,0,0.0,0.0,0,0,0,0,0,0,165000.0,182000.0,0
Chris Schuler,2017,D,RSL,12,12,1069,0,0,0.0,0.0,0,0,0,0,0,0,127500.0,132500.0,0
Chris Tierney,2016,D-M,NE,28,27,2321,2,3,0.08,0.12,0,1,1,1,1,2,125000.0,133333.33,5
Chris Tierney,2017,D-M,NE,26,20,1713,1,5,0.05,0.26,0,2,1,0,5,0,140000.0,148333.33,6
Chris Wingert,2008,D,RSL,32,32,2859,0,3,0.0,0.1,0,1,0,0,2,1,130000.0,130000.0,3
Chris Wingert,2009,D,RSL,34,31,2852,0,3,0.0,0.11,0,0,0,0,1,2,210000.0,210000.0,3
Chris Wingert,2010,D,RSL,25,23,2075,1,0,0.05,0.0,0,0,0,1,0,0,250000.0,250000.0,1
Chris Wingert,2011,D,RSL,26,25,2185,0,2,0.0,0.38,0,1,0,0,2,0,270000.0,270000.0,2
Chris Wingert,2012,D,RSL,32,31,2693,0,2,0.0,0.07,0,0,0,0,2,0,290000.0,290000.0,2
Chris Wingert,2013,D,RSL,25,24,2057,0,1,0.0,0.29,0,1,0,0,1,0,321196.0,335196.0,1
Chris Wingert,2014,D,RSL,32,32,2717,0,3,0.0,0.11,0,1,0,0,2,1,327180.0,341180.0,3
Chris Wingert,2016,D,RSL,21,19,1588,0,0,0.0,0.0,0,0,0,0,0,0,470000.0,470000.0,0
Chris Wingert,2017,D,RSL,23,20,1755,1,0,0.05,0.0,0,0,0,1,0,0,134004.0,145394.0,1
Chris Wondolowski,2009,F,SJ,21,11,1141,5,2,0.39,0.16,1,0,2,3,2,0,34650.0,34650.0,7
Chris Wondolowski,2010,F,SJ,31,29,2578,19,1,1.03,0.04,9,0,10,9,0,1,96000.0,96000.0,20
Chris Wondolowski,2011,F,SJ,30,30,2672,16,3,0.54,0.1,5,0,7,9,3,0,175000.0,175000.0,19
Chris Wondolowski,2012,F,SJ,34,33,2993,27,7,0.86,0.22,11,0,13,14,4,3,600000.0,600000.0,34
Chris Wondolowski,2013,F,SJ,29,29,2610,11,3,0.38,0.1,8,0,9,2,3,0,550000.0,600000.0,14
Chris Wondolowski,2014,F,SJ,26,26,2340,14,4,0.54,0.15,0,1,7,7,3,1,600000.0,650000.0,18
Chris Wondolowski,2015,F,SJ,31,30,2688,16,2,0.54,0.07,2,1,6,10,1,1,625000.0,675000.0,18
Chris Wondolowski,2016,F,SJ,30,30,2697,12,3,0.4,0.1,2,0,5,7,3,0,650000.0,700000.0,15
Chris Wondolowski,2017,F,SJ,35,35,3131,13,8,0.38,0.24,1,5,11,2,6,2,1600000.0,1600000.0,21
Christian Dean,2014,D,VAN,4,1,123,0,0,0.0,0.0,0,0,0,0,0,0,80000.0,161000.0,0
Christian Dean,2015,D,VAN,5,3,291,0,0,0.0,0.0,0,0,0,0,0,0,190000.0,352000.0,0
Christian Dean,2016,D,VAN,0,0,0,0,0,0.0,0.0,0,0,0,0,0,0,110000.0,191000.0,0
Christian Gomez,2008,M,COL,20,17,1423,3,6,0.19,0.38,0,1,2,1,3,3,385000.0,430000.0,9
Christian Jimenez,2007,M,RSL,0,0,0,0,0,0.0,0.0,0,0,0,0,0,0,33075.0,43075.0,0
Christian Lucatero,2016,M,HOU,0,0,0,0,0,0.0,0.0,0,0,0,0,0,0,51500.0,51750.0,0
Christian Lucatero,2017,M,HOU,0,0,0,0,0,0.0,0.0,0,0,0,0,0,0,106000.0,106500.0,0
Christian Tiffert,2012,M,SEA,16,15,1296,0,4,0.0,0.56,0,2,0,0,3,1,1200000.0,1250000.0,4
Chukwudi Chijindu,2009,M,CHV,11,4,420,1,1,0.21,0.21,0,1,1,0,0,1,40200.0,40200.0,2
Chukwudi Chijindu,2010,M,CHV,12,2,308,1,0,0.29,0.0,1,0,1,0,0,0,40000.0,40000.0,1
Chukwudi Chijindu,2011,M,CHV,0,0,0,0,0,0.0,0.0,0,0,0,0,0,0,42000.0,42000.0,0
Ciaran O'Brien,2008,M,COL,1,0,19,0,0,0.0,0.0,0,0,0,0,0,0,45000.0,78750.0,0
Ciaran O'Brien,2009,M,COL,0,0,0,0,0,0.0,0.0,0,0,0,0,0,0,70000.0,103750.0,0
Ciaran O'Brien,2010,M,COL,0,0,0,0,0,0.0,0.0,0,0,0,0,0,0,150000.0,217500.0,0
Clarence Goodson,2007,D,DAL,28,28,2387,2,1,1.04,0.04,2,0,2,0,1,0,96757.5,106757.5,3
Claudio Lopez,2010,F,COL,12,0,238,0,0,0.0,0.0,0,0,0,0,0,0,240000.0,240000.0,0
Claudio Suarez,2007,D,CHV,27,27,2333,3,1,0.13,0.04,0,0,1,2,0,1,293983.2,293983.2,4
Claudio Suarez,2008,D,CHV,14,13,1080,0,0,0.0,0.0,0,0,0,0,0,0,250000.0,275000.0,0
Claudio Suarez,2009,D,CHV,5,1,111,0,0,0.0,0.0,0,0,0,0,0,0,150000.0,150000.0,0
Clifton Wilmes,2007,D,COL,0,0,0,0,0,0.0,0.0,0,0,0,0,0,0,12900.0,12900.0,0
Clint Dempsey,2013,M-F,SEA,12,9,921,1,1,0.14,0.33,0,0,1,0,1,0,9826008.0,10077133.0,2
Clint Dempsey,2014,M-F,SEA,30,27,2491,16,10,0.88,0.42,6,5,7,9,4,6,9826008.0,13390377.5,26
Clint Dempsey,2015,M-F,SEA,23,23,2042,12,10,1.12,0.52,5,4,9,3,5,5,7826016.0,9211883.0,22
Clint Dempsey,2016,M-F,SEA,17,17,1429,8,2,0.5,0.13,5,1,5,3,2,0,7826016.0,9211883.0,10
Clint Dempsey,2017,M-F,SEA,33,29,2560,15,5,1.42,0.2,4,4,7,8,2,3,6400000.0,7785867.0,20
Clint Mathis,2008,M,RSL,14,9,841,0,0,0.0,0.0,0,0,0,0,0,0,199999.92,199999.92,0
Clint Mathis,2009,M,RSL,32,24,2098,2,7,0.09,0.33,0,1,2,0,6,1,230000.0,230000.0,9
Cody Arnoux,2011,F,RSL,2,0,69,0,0,0.0,0.0,0,0,0,0,0,0,130800.0,143300.0,0
Cole Grossman,2011,M,CLB,2,0,12,0,0,0.0,0.0,0,0,0,0,0,0,84000.0,84000.0,0
Cole Grossman,2012,M,CLB,10,5,500,1,0,0.18,0.0,0,0,0,1,0,0,44100.0,44100.0,1
Cole Grossman,2013,M,RSL,5,2,176,1,0,0.56,0.0,0,0,0,1,0,0,93000.0,93000.0,1
Cole Grossman,2014,M,RSL,17,5,532,0,0,0.0,0.0,0,0,0,0,0,0,97650.0,97650.0,0
Cole Missimo,2016,M,PHI,0,0,0,0,0,0.0,0.0,0,0,0,0,0,0,103000.0,103000.0,0
Cole Seiler,2016,D,VAN,2,2,180,0,0,0.0,0.0,0,0,0,0,0,0,51500.0,51500.0,0
Cole Seiler,2017,D,VAN,0,0,0,0,0,0.0,0.0,0,0,0,0,0,0,108150.0,108150.0,0
Colin Bonner,2016,F,DAL,1,1,27,0,0,0.0,0.0,0,0,0,0,0,0,103008.0,103008.0,0
Colin Clark,2007,M,COL,16,16,1321,2,2,0.14,0.14,0,0,2,0,1,1,17700.0,17700.0,4
Colin Clark,2008,M,COL,29,26,2325,5,3,0.19,0.12,0,2,3,2,2,1,33000.0,33000.0,8
Colin Clark,2009,M,COL,16,16,1421,3,5,0.19,0.32,0,3,3,0,3,2,85000.0,90000.0,8
Colin Clark,2010,M,COL,16,9,866,0,0,0.0,0.0,0,0,0,0,0,0,89250.0,94250.0,0
Colin Clark,2011,M,HOU,30,17,1498,4,3,0.24,0.18,0,1,4,0,2,1,187426.0,197426.0,7
Colin Clark,2012,M,HOU,14,6,655,1,0,0.14,0.0,1,0,1,0,0,0,210854.0,220854.0,1
Collin Fernandez,2015,M,CHI,1,0,6,0,0,0.0,0.0,0,0,0,0,0,0,65000.0,67000.0,0
Collin Fernandez,2016,M,CHI,2,0,8,0,0,0.0,0.0,0,0,0,0,0,0,75000.0,77000.0,0
Collin Fernandez,2017,M,CHI,0,0,0,0,0,0.0,0.0,0,0,0,0,0,0,170000.0,174000.0,0
Collin Martin,2016,M,DC,2,1,91,0,0,0.0,0.0,0,0,0,0,0,0,150000.0,178333.34,0
Collins John,2010,F,CHI,17,10,901,3,1,0.3,0.1,0,0,1,2,1,0,160000.0,181875.0,4
Connor Maloney,2017,D,CLB,2,1,127,0,1,0.0,0.71,0,0,0,0,0,1,106008.0,106008.0,1
Conor Casey,2007,F,COL,17,11,1033,2,3,0.17,0.26,1,1,1,1,1,2,180000.0,180000.0,5
Conor Casey,2008,F,COL,21,16,1313,11,2,0.75,0.14,3,0,5,6,1,1,190008.0,190008.0,13
Conor Casey,2009,F,COL,24,24,2087,16,1,0.69,0.04,2,1,7,9,1,0,200000.0,200000.0,17
Conor Casey,2010,F,COL,31,30,2708,15,6,0.94,0.24,3,2,9,6,3,3,700000.0,700000.0,21
Conor Casey,2011,F,COL,14,11,809,6,1,0.67,0.11,0,1,4,2,1,0,800000.0,800000.0,7
Conor Casey,2012,F,COL,18,13,1156,2,3,0.16,0.23,0,0,1,1,3,0,400000.0,400000.0,5
Conor Casey,2013,F,PHI,31,25,2201,10,5,0.41,0.2,3,0,6,4,2,3,175000.0,175000.0,15
Conor Casey,2014,F,PHI,25,18,1434,8,2,0.5,0.13,3,1,5,3,2,0,192500.0,192500.0,10
Conor Casey,2015,F,PHI,14,2,340,3,1,0.79,0.26,1,0,0,3,1,0,180000.0,180000.0,4
Conor Casey,2016,F,CLB,4,0,35,0,0,0.0,0.0,0,0,0,0,0,0,105000.0,105000.0,0
Conor Donovan,2015,D,ORL,1,1,14,0,0,0.0,0.0,0,0,0,0,0,0,80000.0,108000.0,0
Conor Donovan,2016,D,ORL,0,0,0,0,0,0.0,0.0,0,0,0,0,0,0,90000.0,118000.0,0
Conor Donovan,2017,D,ORL,0,0,0,0,0,0.0,0.0,0,0,0,0,0,0,100000.0,128000.0,0
Conor Doyle,2016,F,COL,3,0,23,0,0,0.0,0.0,0,0,0,0,0,0,132000.0,134500.0,0
Corben Bone,2010,M,CHI,5,1,114,0,0,0.0,0.0,0,0,0,0,0,0,75000.0,136200.0,0
Corben Bone,2011,M,CHI,10,7,534,0,1,0.0,0.17,0,0,0,0,0,1,90000.0,151200.0,1
Corben Bone,2012,M,CHI,2,0,26,0,0,0.0,0.0,0,0,0,0,0,0,200000.0,322400.0,0
Corben Bone,2013,M,CHI,1,0,3,0,0,0.0,0.0,0,0,0,0,0,0,46500.0,49000.0,0
Corben Bone,2014,M,PHI,2,0,13,0,0,0.0,0.0,0,0,0,0,0,0,48825.0,51325.0,0
Cordell Cato,2012,F,SEA,8,0,117,0,1,0.0,0.77,0,1,0,0,0,1,88000.0,88000.0,1
Cordell Cato,2017,F,SJ,15,13,1138,0,1,0.0,0.08,0,0,0,0,1,0,274000.0,277333.34,1
Corey Ashe,2007,M,HOU,22,6,811,0,4,0.0,0.44,0,2,0,0,4,0,60000.0,60000.0,4
Corey Ashe,2008,M,HOU,23,8,892,1,1,0.11,0.11,0,0,0,1,1,0,66000.0,66000.0,2
Corey Ashe,2009,M,HOU,29,13,1310,0,3,0.0,0.22,0,1,0,0,0,3,69300.0,69300.0,3
Corey Ashe,2010,M,HOU,27,19,1650,0,3,0.0,0.16,0,1,0,0,3,0,40000.0,40000.0,3
Corey Ashe,2011,M,HOU,36,34,2971,0,0,0.0,0.0,0,0,0,0,0,0,160000.0,169000.0,0
Corey Ashe,2012,M,HOU,36,36,3165,0,2,0.0,0.07,0,0,0,0,1,1,180000.0,189000.0,2
Corey Ashe,2013,M,HOU,34,33,2975,0,3,0.0,0.30000000000000004,0,0,0,0,2,1,202500.0,211500.0,3
Corey Ashe,2014,M,HOU,21,20,1879,0,3,0.0,0.14,0,0,0,0,2,1,165000.0,174750.0,3
Corey Ashe,2016,M,CLB,18,14,1214,0,4,0.0,0.3,0,0,0,0,2,2,95000.0,105500.0,4
Corey Hertzog,2013,F,VAN,7,6,428,1,1,0.21,0.21,0,1,0,1,1,0,50004.0,60670.67,2
Cory Elenio,2008,M,CLB,1,0,9,0,0,0.0,0.0,0,0,0,0,0,0,25800.0,25800.0,0
Cory Elenio,2009,M,CLB,1,0,17,0,0,0.0,0.0,0,0,0,0,0,0,40200.0,40200.0,0
Cory Gibbs,2008,D,COL,9,9,810,1,0,0.11,0.0,0,0,0,1,0,0,96000.0,103142.86,1
Cory Gibbs,2009,D,COL,20,19,1575,0,0,0.0,0.0,0,0,0,0,0,0,110000.0,117142.86,0
Cory Gibbs,2011,D,CHI,26,26,2203,3,1,0.12,0.04,0,0,3,0,1,0,150000.0,150000.0,4
Cory Gibbs,2012,D,CHI,3,3,270,0,0,0.0,0.0,0,0,0,0,0,0,330000.0,330000.0,0
Coy Craft,2014,F-M,DAL,1,0,6,0,0,0.0,0.0,0,0,0,0,0,0,97008.0,131174.66,0
Coy Craft,2015,F-M,DAL,2,1,67,0,0,0.0,0.0,0,0,0,0,0,0,120000.0,154166.66,0
Coy Craft,2016,F-M,DAL,2,0,17,0,0,0.0,0.0,0,0,0,0,0,0,140000.0,174166.66,0
Coy Craft,2017,F-M,DAL,1,0,11,0,0,0.0,0.0,0,0,0,0,0,0,85000.0,102083.33,0
Craig Waibel,2007,D,HOU,25,22,1957,0,4,0.0,0.6799999999999999,0,1,0,0,2,2,170000.0,170000.0,4
Craig Waibel,2008,D,HOU,14,14,1245,0,3,0.0,0.22,0,0,0,0,3,0,140016.0,140016.0,3
Craig Waibel,2009,D,HOU,13,8,679,1,0,0.13,0.0,0,0,1,0,0,0,154017.6,154017.6,1
Cristhian Hernandez,2012,F,PHI,2,0,26,0,0,0.0,0.0,0,0,0,0,0,0,52500.0,54375.0,0
Cristhian Hernandez,2013,F,PHI,0,0,0,0,0,0.0,0.0,0,0,0,0,0,0,62500.0,64375.0,0
Cristian Colman,2017,F,DAL,26,10,959,2,1,0.19,0.09,1,0,0,2,0,1,300000.0,385000.0,3
Cristian Higuita,2015,M,ORL,26,25,2228,1,2,0.04,0.08,0,0,1,0,1,1,60000.0,60000.0,3
Cristian Higuita,2016,M,ORL,21,16,1513,1,1,0.06,0.06,1,0,1,0,1,0,80000.0,80000.0,2
Cristian Higuita,2017,M,ORL,26,18,1554,0,3,0.0,0.17,0,1,0,0,3,0,150000.0,150000.0,3
Cristian Maidana,2014,M,PHI,26,23,1889,2,11,0.1,0.52,1,2,0,2,8,3,185000.0,198750.0,13
Cristian Maidana,2015,M,PHI,28,25,2121,1,15,0.04,0.64,0,3,1,0,9,6,203500.0,217250.0,16
Cristian Maidana,2016,M,HOU,30,21,1695,3,4,0.16,0.21,1,1,3,0,3,1,223850.0,237600.0,7
Cristian Martinez,2017,M,CLB,8,1,237,0,0,0.0,0.0,0,0,0,0,0,0,131266.8,140266.8,0
Cristian Nazarit,2011,F,CHI,12,6,624,2,0,0.29,0.0,1,0,0,2,0,0,240000.0,302500.0,2
Cristian Roldan,2015,M,SEA,25,11,1174,0,1,0.0,0.08,0,0,0,0,0,1,160000.0,204000.0,1
Cristian Roldan,2016,M,SEA,39,34,3202,4,3,0.14,0.1,1,2,4,0,1,2,190000.0,234000.0,7
Cristian Roldan,2017,M,SEA,38,38,3410,6,3,0.18,0.09,3,2,5,1,2,1,230000.0,274000.0,9
Cristian Techera,2015,M,VAN,24,19,1751,7,5,0.4,0.29,2,2,5,2,3,2,120000.0,170000.0,12
Cristian Techera,2016,M,VAN,29,19,1584,2,2,0.11,0.11,0,0,2,0,2,0,320000.0,345000.0,4
Cristian Techera,2017,M,VAN,32,26,2196,7,8,0.85,0.8999999999999999,2,3,5,2,6,2,704000.0,754000.0,15
Cuauhtemoc Blanco,2007,M,CHI,17,17,1496,4,8,0.29,0.8500000000000001,2,2,2,2,4,4,4984632.0,5333556.0,12
Cuauhtemoc Blanco,2008,M,CHI,30,30,2668,7,11,0.26,0.41,1,2,2,5,6,5,4984632.0,5333556.0,18
Cuauhtemoc Blanco,2009,M,CHI,24,18,1752,6,8,0.61,0.5,1,3,3,3,4,4,5538480.0,5887404.0,14
Cyle Larin,2015,F,ORL,27,24,1906,17,0,0.8,0.0,4,0,8,9,0,0,125000.0,167000.0,17
Cyle Larin,2016,F,ORL,32,29,2455,14,3,0.51,0.11,2,0,9,5,2,1,135000.0,177000.0,17
Cyle Larin,2017,F,ORL,28,24,2169,12,3,0.5,0.12,5,0,7,5,1,2,150000.0,192000.0,15
DaMarcus Beasley,2014,D,HOU,10,10,821,0,0,0.0,0.0,0,0,0,0,0,0,750000.0,779166.67,0
DaMarcus Beasley,2015,D,HOU,28,28,2374,1,1,0.04,0.04,0,1,1,0,1,0,750000.0,813333.33,2
DaMarcus Beasley,2016,D,HOU,24,24,1979,1,0,0.05,0.0,0,0,0,1,0,0,750000.0,813333.33,1
DaMarcus Beasley,2017,D,HOU,28,26,2375,0,1,0.0,0.05,0,0,0,0,1,0,632016.0,702016.0,1
Daigo Kobayashi,2013,M,VAN,30,21,1651,2,4,0.11,0.22,0,1,1,1,1,3,225000.0,238833.33,6
Daigo Kobayashi,2016,M,NE,27,6,701,1,0,0.13,0.0,0,0,0,1,0,0,120000.0,132000.0,1
Daigo Kobayashi,2017,M,NE,12,4,507,1,0,0.18,0.0,0,0,0,1,0,0,69996.0,76996.0,1
Dairon Asprilla,2015,M-F,POR,32,13,1338,2,5,0.36,1.0,2,1,1,1,4,1,120000.0,120000.0,7
Dairon Asprilla,2016,M-F,POR,9,6,488,1,0,0.18,0.0,1,0,1,0,0,0,76000.0,76000.0,1
Dairon Asprilla,2017,M-F,POR,29,19,1575,3,4,0.63,0.26,0,0,2,1,2,2,276000.0,276000.0,7
Damien Perquis,2015,D,TOR,25,24,2069,1,1,0.04,0.04,0,0,1,0,1,0,646000.0,745000.0,2
Damien Perquis,2016,D,TOR,12,11,986,1,1,0.09,0.09,0,0,0,1,1,0,378000.0,427500.0,2
Daneil Cyrus,2015,D,CHI,6,5,519,0,0,0.0,0.0,0,0,0,0,0,0,72000.0,77833.33,0
Daniel Antunez,2013,M,CHV,3,1,81,0,0,0.0,0.0,0,0,0,0,0,0,65000.0,72500.0,0
Daniel Cruz,2011,M,DAL,11,6,566,1,1,0.17,0.17,1,0,0,1,0,1,180000.0,212500.0,2
Daniel Hernandez,2009,M,DAL,7,5,526,0,1,0.0,0.17,0,0,0,0,0,1,35352.0,42852.0,1
Daniel Hernandez,2010,M,DAL,28,28,2488,0,0,0.0,0.0,0,0,0,0,0,0,200000.0,225000.0,0
Daniel Hernandez,2011,M,DAL,31,31,2758,2,4,0.07,0.13,1,2,1,1,3,1,320000.0,345000.0,6
Daniel Hernandez,2012,M,DAL,28,22,1938,0,0,0.0,0.0,0,0,0,0,0,0,75000.0,75000.0,0
Daniel Johnson,2017,M,CHI,8,0,125,0,0,0.0,0.0,0,0,0,0,0,0,130008.0,130008.0,0
Daniel Osorno,2007,M,COL,3,0,55,0,0,0.0,0.0,0,0,0,0,0,0,138000.0,143000.0,0
Daniel Paladini,2008,M,CHV,8,5,458,1,0,0.2,0.0,0,0,0,1,0,0,25800.0,25800.0,1
Daniel Paladini,2011,M,CHI,23,16,1491,0,1,0.0,0.06,0,1,0,0,0,1,75000.0,79478.25,1
Daniel Paladini,2012,M,CHI,16,7,706,2,2,0.26,0.26,1,0,1,1,0,2,165000.0,173956.5,4
Daniel Paladini,2013,M,CHI,20,7,823,2,3,0.22,0.33,0,1,2,0,2,1,86625.0,91103.25,5
Daniel Paladini,2014,M,CLB,4,3,221,0,0,0.0,0.0,0,0,0,0,0,0,150000.0,153333.34,0
Daniel Torres,2009,D,DAL,15,8,886,0,0,0.0,0.0,0,0,0,0,0,0,100000.0,110000.0,0
Daniel Wasson,2007,D,COL,5,2,275,0,0,0.0,0.0,0,0,0,0,0,0,17700.0,17700.0,0
Daniel Woolard,2007,D,CHI,0,0,0,0,0,0.0,0.0,0,0,0,0,0,0,25800.0,25800.0,0
Daniel Woolard,2008,D,CHI,9,2,264,1,0,0.36,0.0,0,0,1,0,0,0,35400.0,35400.0,1
Daniel Woolard,2009,D,CHI,10,6,594,0,0,0.0,0.0,0,0,0,0,0,0,68000.0,68000.0,0
Daniele Paponi,2013,F,MTL,17,8,828,2,1,0.23,0.11,0,0,2,0,1,0,144000.0,174000.0,3
Danny Califf,2011,D,PHI,35,35,3150,1,0,0.03,0.0,1,0,0,1,0,0,500000.0,500000.0,1
Danny Califf,2012,D,CHV,23,23,2034,1,0,0.04,0.0,1,0,0,1,0,0,275000.0,275000.0,1
Danny Cruz,2009,M-F,HOU,6,0,107,0,0,0.0,0.0,0,0,0,0,0,0,110000.0,196000.0,0
Danny Cruz,2010,M-F,HOU,25,14,1362,2,2,0.13,0.13,1,0,2,0,1,1,75000.0,118000.0,4
Danny Cruz,2011,M-F,HOU,24,17,1442,2,3,0.16,0.23,1,2,1,1,2,1,160000.0,246000.0,5
Danny Cruz,2013,M-F,PHI,32,32,2190,3,2,0.12,0.08,0,0,2,1,0,2,120000.0,126500.0,5
Danny Cruz,2014,M-F,PHI,26,16,1352,3,2,0.2,0.13,1,0,1,2,2,0,125000.0,131666.67,5
Danny Cruz,2015,M-F,PHI,0,0,0,0,0,0.0,0.0,0,0,0,0,0,0,125000.0,131666.67,0
Danny Earls,2010,D,COL,18,15,1413,0,0,0.0,0.0,0,0,0,0,0,0,80000.0,82500.0,0
Danny Earls,2011,D,COL,4,3,224,0,0,0.0,0.0,0,0,0,0,0,0,65208.0,65208.0,0
Danny Garcia,2014,M-F,DAL,4,4,282,0,0,0.0,0.0,0,0,0,0,0,0,110000.0,142000.0,0
Danny Garcia,2015,M-F,DAL,0,0,0,0,0,0.0,0.0,0,0,0,0,0,0,140000.0,172000.0,0
Danny Hoesen,2017,F,SJ,33,21,1928,5,5,0.24,0.24,2,2,5,0,4,1,850008.0,1006258.0,10
Danny Koevermans,2012,F,TOR,16,12,1186,9,2,0.68,0.15,1,1,3,6,1,1,1150000.0,1563323.33,11
Danny Koevermans,2013,F,TOR,4,1,78,0,0,0.0,0.0,0,0,0,0,0,0,1250000.0,1663323.33,0
Danny Mwanga,2010,F,PHI,24,17,1461,7,4,0.43,0.25,1,0,4,3,3,1,100000.0,206250.0,11
Danny Mwanga,2011,F,PHI,30,15,1677,5,4,0.29,0.23,1,2,2,3,2,2,240000.0,452500.0,9
Danny Mwanga,2013,F,COL,13,5,556,0,1,0.0,0.16,0,1,0,0,0,1,260000.0,342500.0,1
Danny Mwanga,2014,F,COL,6,2,214,0,0,0.0,0.0,0,0,0,0,0,0,130000.0,171250.0,0
Danny Mwanga,2015,F,ORL,4,1,110,0,0,0.0,0.0,0,0,0,0,0,0,75000.0,82500.0,0
Danny O'Rourke,2007,D,CLB,27,27,2426,0,1,0.0,0.04,0,0,0,0,0,1,46331.25,56331.25,1
Danny O'Rourke,2008,D,CLB,32,32,2812,0,4,0.0,0.15,0,2,0,0,2,2,118295.62,138295.62,4
Danny O'Rourke,2009,D,CLB,28,28,2518,0,1,0.0,0.04,0,0,0,0,1,0,180000.0,205000.0,1
Danny O'Rourke,2010,D,CLB,17,14,1276,0,1,0.0,0.07,0,0,0,0,0,1,220000.0,245000.0,1
Danny O'Rourke,2011,D,CLB,6,5,471,0,0,0.0,0.0,0,0,0,0,0,0,242000.0,267000.0,0
Danny O'Rourke,2012,D,CLB,21,18,1603,0,0,0.0,0.0,0,0,0,0,0,0,133100.0,145600.0,0
Danny O'Rourke,2013,D,CLB,22,19,1723,0,0,0.0,0.0,0,0,0,0,0,0,170000.0,175000.0,0
Danny O'Rourke,2014,D,POR,12,10,975,0,0,0.0,0.0,0,0,0,0,0,0,55008.0,55008.0,0
Danny Szetela,2007,M,CLB,6,4,379,0,0,0.0,0.0,0,0,0,0,0,0,43135.31,48760.31,0
Darel Russell,2013,D,TOR,18,10,924,3,0,0.29,0.0,0,0,3,0,0,0,99999.96,109874.96,3
Dario Delgado,2010,D,CHV,22,21,1865,0,1,0.0,0.05,1,0,0,0,1,0,42000.0,42000.0,1
Darren Mattocks,2012,F,VAN,22,16,1359,8,1,2.01,0.07,2,1,2,6,1,0,200000.0,384000.0,9
Darren Mattocks,2013,F,VAN,20,8,911,3,1,0.3,0.1,0,0,2,1,1,0,120000.0,212000.0,4
Darren Mattocks,2014,F,VAN,30,20,1802,6,3,0.3,0.15,0,1,4,2,2,1,140000.0,232000.0,9
Darren Mattocks,2015,F,VAN,24,9,877,3,1,0.32,0.11,1,0,2,1,1,0,360000.0,544000.0,4
Darren Mattocks,2016,F,POR,19,12,940,1,3,0.1,0.29,0,1,1,0,3,0,215000.0,231666.67,4
Darren Mattocks,2017,F,POR,26,13,1178,4,2,0.33,0.17,2,1,4,0,1,1,600000.0,633333.34,6
Darwin Jones,2015,F,SEA,9,0,107,0,0,0.0,0.0,0,0,0,0,0,0,120000.0,132500.0,0
Darwin Jones,2016,F,SEA,2,0,22,0,0,0.0,0.0,0,0,0,0,0,0,125000.0,137500.0,0
Dasan Robinson,2007,D,CHI,26,24,2044,1,0,0.05,0.0,0,0,0,1,0,0,85000.0,85000.0,1
Dasan Robinson,2008,D,CHI,5,1,132,0,0,0.0,0.0,0,0,0,0,0,0,89250.0,89250.0,0
Dasan Robinson,2009,D,CHI,15,12,1208,1,0,0.1,0.0,1,0,1,0,0,0,93712.5,93712.5,1
Dasan Robinson,2010,D,CHI,17,17,1369,0,1,0.0,0.07,0,1,0,0,0,1,49200.0,49200.0,1
David Arshakyan,2017,F,CHI,8,0,47,0,0,0.0,0.0,0,0,0,0,0,0,312000.0,357700.0,0
David Arvizu,2007,F,CHV,0,0,0,0,0,0.0,0.0,0,0,0,0,0,0,66000.0,81000.0,0
David Choiniere,2017,M,MTL,3,0,34,0,0,0.0,0.0,0,0,0,0,0,0,54075.0,54075.0,0
David Edgar,2017,D,VAN,0,0,0,0,0,0.0,0.0,0,0,0,0,0,0,350000.0,367666.66,0
David Estrada,2010,M-F,SEA,3,1,88,0,0,0.0,0.0,0,0,0,0,0,0,80000.0,80000.0,0
David Estrada,2011,M-F,SEA,3,1,108,0,0,0.0,0.0,0,0,0,0,0,0,65208.0,65208.0,0
David Estrada,2012,M-F,SEA,20,12,1078,5,0,0.44,0.0,2,0,4,1,0,0,88000.0,88000.0,5
David Estrada,2013,M-F,SEA,17,4,498,0,0,0.0,0.0,0,0,0,0,0,0,96800.0,96800.0,0
David Ferreira,2009,M,DAL,30,30,2692,8,7,0.27,0.23,0,3,5,3,4,3,300000.0,300000.0,15
David Ferreira,2010,M,DAL,34,34,3089,10,16,0.73,1.1199999999999999,3,5,5,5,9,7,600000.0,600000.0,26
David Ferreira,2011,M,DAL,6,6,505,3,1,0.53,0.18,0,0,2,1,0,1,1200000.0,1410000.0,4
David Ferreira,2012,M,DAL,17,16,1427,2,9,0.13,0.57,2,1,1,1,4,5,600000.0,705000.0,11
David Ferreira,2013,M,DAL,30,26,2419,3,9,0.11,0.33,1,3,0,3,6,3,625000.0,730000.0,12
David Guzman,2017,M,POR,26,25,2118,1,6,0.04,0.27,1,0,1,0,5,1,370008.0,376674.66,7
David Horst,2008,D,RSL,1,1,90,0,0,0.0,0.0,0,0,0,0,0,0,66000.0,66000.0,0
David Horst,2009,D,RSL,2,1,86,0,0,0.0,0.0,0,0,0,0,0,0,68000.0,68000.0,0
David Horst,2010,D,RSL,0,0,0,0,0,0.0,0.0,0,0,0,0,0,0,80000.0,80000.0,0
David Horst,2011,D,POR,16,11,1170,0,0,0.0,0.0,0,0,0,0,0,0,42000.0,42000.0,0
David Horst,2012,D,POR,21,20,1845,1,0,0.05,0.0,1,0,1,0,0,0,65000.0,65000.0,1
David Horst,2013,D,POR,2,2,108,0,0,0.0,0.0,0,0,0,0,0,0,140000.0,140000.0,0
David Horst,2014,D,HOU,31,31,2653,1,1,0.03,0.03,1,1,0,1,1,0,70000.0,72750.0,2
David Horst,2015,D,HOU,32,28,2603,0,2,0.0,0.07,0,0,0,0,0,2,78750.0,81500.0,2
David Horst,2016,D,HOU,26,24,2211,3,0,0.12,0.0,2,0,2,1,0,0,88593.75,91343.75,3
David Horst,2017,D,RSL,12,8,880,0,1,0.0,0.1,0,0,0,0,0,1,110004.0,115004.0,1
David Mateos,2015,D,ORL,6,6,540,0,1,0.0,0.17,0,1,0,0,1,0,300000.0,325000.0,1
David Mateos,2016,D,ORL,21,20,1759,0,0,0.0,0.0,0,0,0,0,0,0,420000.0,453333.33,0
David Texeira,2014,F,DAL,21,9,847,4,0,0.43,0.0,1,0,4,0,0,0,676000.0,676000.0,4
David Texeira,2015,F,DAL,26,23,1679,7,3,0.71,0.19,3,1,2,5,1,2,676000.0,676000.0,10
David Wagenfuhr,2007,D,DAL,13,10,828,0,0,0.0,0.0,0,0,0,0,0,0,61740.0,61740.0,0
David Wagenfuhr,2008,D,DAL,0,0,0,0,0,0.0,0.0,0,0,0,0,0,0,44500.0,45250.0,0
Davide Chiumiento,2011,M,VAN,26,20,1674,2,9,0.11,0.48,0,1,1,1,6,3,280000.0,280000.0,11
Davy Arnaud,2012,M,MTL,33,31,2765,4,3,0.13,0.1,1,1,4,0,2,1,275000.0,290000.0,7
Davy Arnaud,2013,M,MTL,24,21,1766,1,5,0.05,0.25,1,1,0,1,3,2,550000.0,580000.0,6
Dejan Rusmir,2011,M,CLB,18,13,1016,0,2,0.0,0.18,0,1,0,0,1,1,319992.0,340992.0,2
Dema Kovalenko,2008,M,RSL,24,21,1817,2,2,0.65,0.11,0,1,1,1,2,0,400000.0,415237.5,4
Demar Phillips,2015,D,RSL,18,16,1376,0,0,0.0,0.0,0,0,0,0,0,0,140000.0,149666.67,0
Demar Phillips,2016,D,RSL,30,24,2267,0,5,0.0,0.21,0,1,0,0,3,2,255000.0,270666.66,5
Demar Phillips,2017,D,RSL,13,11,961,0,2,0.0,0.19,0,2,0,0,0,2,155004.0,162837.33,2
Dennis Castillo,2016,D,COL,4,1,123,0,1,0.0,0.73,0,0,0,0,1,0,103000.08,103000.08,1
Dennis Castillo,2017,D,COL,3,3,244,0,0,0.0,0.0,0,0,0,0,0,0,54075.0,54075.0,0
Dennis Iapichino,2012,D,MTL,7,5,438,0,1,0.0,0.21,0,1,0,0,1,0,102000.0,102000.0,1
Deris Umanzor,2010,D,CHI,10,5,502,0,0,0.0,0.0,0,0,0,0,0,0,72000.0,72000.0,0
Deshorn Brown,2013,F,COL,32,25,2242,10,4,0.41,0.17,2,1,6,4,3,1,130000.0,226000.0,14
Deshorn Brown,2014,F,COL,30,26,2288,10,0,0.39,0.0,1,0,6,4,0,0,75000.0,123000.0,10
Desmond Brooks,2007,D,CHV,0,0,0,0,0,0.0,0.0,0,0,0,0,0,0,25800.0,25800.0,0
Devon Sandoval,2013,F,RSL,20,12,1071,4,0,0.79,0.0,2,0,2,2,0,0,70250.0,70250.0,4
Devon Sandoval,2014,F,RSL,15,7,633,0,1,0.0,0.14,0,0,0,0,1,0,97000.0,97000.0,1
Devon Sandoval,2015,F,RSL,30,17,1606,4,2,0.22,0.11,2,2,2,2,1,1,60000.0,60000.0,6
Devon Sandoval,2016,F,RSL,12,2,228,0,0,0.0,0.0,0,0,0,0,0,0,135000.0,135000.0,0
Devron Garcia,2016,M-D,ORL,0,0,0,0,0,0.0,0.0,0,0,0,0,0,0,62500.0,70937.5,0
Deybi Flores,2015,M,VAN,9,5,446,0,0,0.0,0.0,0,0,0,0,0,0,120000.0,120000.0,0
Deybi Flores,2016,M,VAN,1,1,45,0,0,0.0,0.0,0,0,0,0,0,0,62500.0,68385.0,0
Dicoy Williams,2012,D,TOR,2,1,86,0,0,0.0,0.0,0,0,0,0,0,0,52500.0,52500.0,0
Diego Calderon,2013,D,COL,4,4,304,0,0,0.0,0.0,0,0,0,0,0,0,100000.0,100000.0,0
Diego Chara,2011,M,POR,28,27,2401,2,4,0.07,0.15,1,1,2,0,3,1,100008.0,143758.0,6
Diego Chara,2012,M,POR,28,28,2473,0,0,0.0,0.0,0,0,0,0,0,0,150000.0,193750.0,0
Diego Chara,2013,M,POR,35,35,3097,0,4,0.0,0.35,0,2,0,0,2,2,400008.0,487508.0,4
Diego Chara,2014,M,POR,31,31,2745,2,5,0.07,0.16,0,3,2,0,2,3,170000.0,170000.0,7
Diego Chara,2015,M,POR,32,32,2839,3,1,0.32,0.04,1,0,1,2,1,0,340000.0,340000.0,4
Diego Chara,2016,M,POR,30,30,2600,0,1,0.0,0.03,0,1,0,0,1,0,150000.0,172000.0,1
Diego Chara,2017,M,POR,30,30,2575,1,3,0.04,0.11,1,1,0,1,2,1,1000000.0,1044000.0,4
Diego Chaves,2011,F,CHI,29,19,1699,6,1,0.32,0.05,2,1,3,3,1,0,45000.0,45000.0,7
Diego Fagundez,2011,M,NE,6,3,314,2,1,0.57,0.29,0,0,2,0,0,1,52500.0,53500.0,3
Diego Fagundez,2012,M,NE,20,8,770,2,2,0.23,0.23,1,1,2,0,1,1,55000.0,56000.0,4
Diego Fagundez,2013,M,NE,33,30,2637,13,7,0.48,0.26,5,3,8,5,4,3,199992.0,254392.0,20
Diego Fagundez,2014,M,NE,31,25,2142,5,4,0.21,0.17,1,1,4,1,3,1,220000.0,274400.0,9
Diego Fagundez,2015,M,NE,31,20,1786,6,4,0.31,0.21,4,2,4,2,3,1,250000.0,304400.0,10
Diego Fagundez,2016,M,NE,34,24,2237,6,6,0.24,0.24,2,1,4,2,3,3,145000.0,165000.0,12
Diego Fagundez,2017,M,NE,32,27,2435,7,8,0.26,0.3,2,1,6,1,6,2,160000.0,180000.0,15
Diego Gutierrez,2007,D,CHI,26,23,2037,0,1,0.0,0.05,0,0,0,0,1,0,253000.0,253000.0,1
Diego Gutierrez,2008,D,CHI,20,19,1660,0,1,0.0,0.05,0,0,0,0,1,0,210000.0,215000.0,1
Diego Rodriguez,2015,D,VAN,4,3,257,0,0,0.0,0.0,0,0,0,0,0,0,248000.0,331500.0,0
Diego Valeri,2013,M,POR,35,32,2542,11,13,0.74,0.51,2,3,6,5,9,4,800000.0,800000.0,24
Diego Valeri,2014,M,POR,33,32,2763,11,14,0.36,0.46,4,1,7,4,10,4,500000.0,500000.0,25
Diego Valeri,2015,M,POR,27,25,2187,3,12,0.3,1.18,1,4,1,2,4,8,1100000.0,1100000.0,15
Diego Valeri,2016,M,POR,30,30,2634,14,7,0.48,0.24,4,2,9,5,5,2,600000.0,550000.0,21
Diego Valeri,2017,M,POR,34,34,3008,21,12,0.67,0.85,7,3,13,8,8,4,4455000.0,5215000.0,33
Dillon Powers,2013,M,COL,30,29,2457,5,6,0.18,0.22,1,1,3,2,4,2,93000.0,158000.0,11
Dillon Powers,2014,M,COL,30,27,2328,5,9,0.19,0.35,1,1,4,1,5,4,95150.0,127650.0,14
Dillon Powers,2015,M,COL,32,25,2235,3,6,0.12,0.24,1,2,0,3,3,3,245000.0,275000.0,9
Dillon Powers,2016,M,COL,32,26,2294,1,4,0.04,0.17,0,1,0,1,2,2,540000.0,600000.0,5
Dillon Powers,2017,M,COL,21,15,1309,0,1,0.0,0.07,0,1,0,0,1,0,295000.0,325000.0,1
Dillon Serna,2013,M,COL,1,0,13,0,0,0.0,0.0,0,0,0,0,0,0,93000.0,119000.0,0
Dillon Serna,2014,M,COL,27,18,1623,3,4,0.17,0.22,0,2,0,3,2,2,52500.0,65500.0,7
Dillon Serna,2015,M,COL,15,8,680,3,1,0.4,0.13,1,1,1,2,1,0,60000.0,73000.0,4
Dillon Serna,2016,M,COL,9,3,280,1,0,0.32,0.0,1,0,1,0,0,0,132000.0,158000.0,1
Dillon Serna,2017,M,COL,19,9,945,1,1,0.1,0.1,0,0,1,0,1,0,72600.0,85600.0,2
Dilly Duka,2017,M,CLB,3,2,151,0,0,0.0,0.0,0,0,0,0,0,0,350000.0,350000.0,0
Djimi Traore,2013,D,SEA,30,28,2505,1,0,0.04,0.0,1,0,0,1,0,0,240000.0,240000.0,1
Djimi Traore,2014,D,SEA,16,13,1160,0,0,0.0,0.0,0,0,0,0,0,0,264000.0,264000.0,0
Djordje Mihailovic,2017,M,CHI,18,8,797,1,2,0.12,0.25,0,2,0,1,0,2,160000.08,160000.08,3
Dominic Oduro,2007,M,DAL,31,10,1228,3,2,0.23,0.15,1,0,2,1,0,2,60000.0,60000.0,5
Dominic Oduro,2008,M,DAL,25,9,992,5,2,0.45,0.18,1,0,4,1,1,1,33000.0,33000.0,7
Dominic Oduro,2009,M,HOU,22,11,1067,1,4,0.11,0.43,0,0,0,1,2,2,69300.0,69300.0,5
Dominic Oduro,2010,M,HOU,27,19,1711,5,4,0.26,0.21,0,1,3,2,3,1,40000.0,40000.0,9
Dominic Oduro,2011,M,CHI,34,29,2633,12,2,0.41,0.07,3,0,6,6,0,2,95004.0,97004.0,14
Dominic Oduro,2012,M,CHI,34,21,1853,6,3,0.3,0.15,3,2,4,2,2,1,213760.0,217760.0,9
Dominic Oduro,2013,M,CLB,34,34,2854,13,4,0.41,0.13,5,1,4,9,2,2,120015.0,122015.0,17
Dominic Oduro,2015,M,MTL,30,19,1738,8,0,0.43,0.0,1,0,5,3,0,0,500000.0,503333.34,8
Dominic Oduro,2016,M,MTL,36,27,2492,8,9,0.66,0.85,2,4,3,5,2,7,470000.0,470000.0,17
Dominic Oduro,2017,M,MTL,25,17,1439,1,0,0.06,0.0,0,0,0,1,0,0,330000.0,330000.0,1
Don Anding,2013,D,PHI,1,0,30,0,0,0.0,0.0,0,0,0,0,0,0,35125.0,35125.0,0
Doneil Henry,2012,D,TOR,18,11,1139,1,1,0.08,0.08,0,1,0,1,1,0,44100.0,45100.0,2
Doneil Henry,2013,D,TOR,20,19,1651,0,2,0.0,0.11,0,0,0,0,1,1,50000.0,62083.33,2
Doneil Henry,2014,D,TOR,21,19,1802,1,0,0.05,0.0,1,0,1,0,0,0,75000.0,87083.33,1
Donnie Smith,2016,M,NE,3,2,213,0,0,0.0,0.0,0,0,0,0,0,0,63000.0,63000.0,0
Donnie Smith,2017,M,NE,1,1,53,0,0,0.0,0.0,0,0,0,0,0,0,66150.0,66150.0,0
Donny Toia,2011,D,RSL,0,0,0,0,0,0.0,0.0,0,0,0,0,0,0,90000.0,120000.0,0
Drew Beckie,2013,D,CLB,0,0,0,0,0,0.0,0.0,0,0,0,0,0,0,35125.0,35125.0,0
Drew Conner,2016,M,CHI,0,0,0,0,0,0.0,0.0,0,0,0,0,0,0,62500.0,62500.0,0
Drew Conner,2017,M,CHI,21,8,882,0,1,0.0,0.1,0,0,0,0,1,0,131250.0,131250.0,1
Drew Moor,2009,D,COL,29,29,2610,3,0,0.1,0.0,0,0,3,0,0,0,132000.0,149188.89,3
Drew Moor,2010,D,COL,34,34,3120,1,0,0.03,0.0,1,0,1,0,0,0,290400.0,324777.78,1
Drew Moor,2011,D,COL,34,34,3029,4,1,0.13,0.03,2,0,2,2,1,0,319440.0,353817.78,5
Drew Moor,2012,D,COL,34,34,3060,3,2,0.09,0.06,1,1,3,0,2,0,200004.0,212004.0,5
Drew Moor,2013,D,COL,33,32,2883,3,0,0.1,0.0,0,0,1,2,0,0,470000.0,494000.0,3
Drew Moor,2014,D,COL,23,23,1994,2,1,0.09,0.05,0,0,1,1,0,1,235000.0,247000.0,3
Drew Moor,2015,D,COL,22,22,1980,1,1,0.05,0.05,0,0,1,0,1,0,258500.0,270500.0,2
Duke Hashimoto,2007,F,RSL,0,0,0,0,0,0.0,0.0,0,0,0,0,0,0,17700.0,17700.0,0
Duncan Oughton,2007,D,CLB,19,13,1231,1,4,0.07,0.29,0,0,0,1,2,2,72000.0,72000.0,5
Duncan Oughton,2008,D,CLB,5,1,174,0,0,0.0,0.0,0,0,0,0,0,0,151200.0,151200.0,0
Duncan Oughton,2009,D,CLB,9,2,218,0,1,0.0,0.41,0,0,0,0,1,0,84984.0,84984.0,1
Duncan Oughton,2010,D,CLB,3,0,41,0,0,0.0,0.0,0,0,0,0,0,0,80000.0,80000.0,0
Dustin Kirby,2007,D,RSL,1,1,79,0,0,0.0,0.0,0,0,0,0,0,0,12900.0,12900.0,0
Dustin Kirby,2008,D,RSL,1,0,3,0,0,0.0,0.0,0,0,0,0,0,0,35400.0,35400.0,0
Dylan Remick,2013,D,SEA,1,0,25,0,0,0.0,0.0,0,0,0,0,0,0,70250.0,70250.0,0
Dylan Remick,2014,D,SEA,13,8,693,0,0,0.0,0.0,0,0,0,0,0,0,73000.0,73000.0,0
Dylan Remick,2015,D,SEA,19,18,1607,0,0,0.0,0.0,0,0,0,0,0,0,120000.0,120000.0,0
Dylan Remick,2016,D,SEA,11,6,537,0,0,0.0,0.0,0,0,0,0,0,0,126000.0,126000.0,0
Dylan Remick,2017,D,HOU,17,15,1378,2,0,0.51,0.0,0,0,1,1,0,0,132300.0,132300.0,2
Dylan Tucker-Gangnes,2013,D,POR,0,0,0,0,0,0.0,0.0,0,0,0,0,0,0,70250.0,70250.0,0
Dzenan Catic,2015,F,PHI,0,0,0,0,0,0.0,0.0,0,0,0,0,0,0,60000.0,75000.0,0
Eddie Ababio,2011,D,COL,1,0,10,0,0,0.0,0.0,0,0,0,0,0,0,65208.0,65208.0,0
Eddie Gaven,2007,M,CLB,27,21,1923,5,7,0.23,0.33,0,1,4,1,0,7,165000.0,188000.0,12
Eddie Gaven,2008,M,CLB,28,26,2198,4,3,0.41000000000000003,0.36,2,0,2,2,3,0,330000.0,330000.0,7
Eddie Gaven,2009,M,CLB,32,29,2600,6,0,0.22,0.0,3,0,6,0,0,0,346500.0,346500.0,6
Eddie Gaven,2010,M,CLB,30,30,2594,4,5,0.54,0.19,0,3,2,2,2,3,381150.0,381150.0,9
Eddie Gaven,2011,M,CLB,27,27,2317,5,1,0.2,0.04,3,0,4,1,0,1,419266.0,419266.0,6
Eddie Gaven,2012,M,CLB,34,34,2990,9,2,0.27,0.06,1,1,6,3,1,1,190000.0,195000.0,11
Eddie Gaven,2013,M,CLB,10,10,900,0,4,0.0,0.4,0,1,0,0,2,2,190000.0,195000.0,4
Eddie Johnson,2012,F,SEA,31,26,2324,15,3,1.03,0.13,5,1,8,7,1,2,200000.0,212666.66,18
Eddie Johnson,2013,F,SEA,24,23,1995,11,2,1.1400000000000001,0.1,3,1,6,5,1,1,300000.0,312666.66,13
Eddie Pope,2007,D,RSL,27,27,2248,1,0,0.04,0.0,1,0,0,1,0,0,265000.0,265000.0,1
Eddie Robinson,2007,D,HOU,29,29,2577,2,2,0.08,0.08,0,0,1,1,0,2,220000.0,220000.0,4
Eddie Robinson,2008,D,HOU,22,21,1750,0,0,0.0,0.0,0,0,0,0,0,0,262500.0,262500.0,0
Eddie Robinson,2009,D,HOU,2,0,54,0,0,0.0,0.0,0,0,0,0,0,0,275625.0,275625.0,0
Eddie Robinson,2010,D,HOU,23,19,1636,1,2,0.06,0.11,0,2,1,0,2,0,135000.0,145000.0,3
Eddie Robinson,2011,D,HOU,2,2,146,0,0,0.0,0.0,0,0,0,0,0,0,240000.0,240000.0,0
Eder Robles,2007,D,CHV,0,0,0,0,0,0.0,0.0,0,0,0,0,0,0,25800.0,25800.0,0
Edgar Mejia,2013,M,CHV,28,27,2266,1,4,0.04,0.16,0,1,0,1,2,2,140000.0,140000.0,5
Edson Buddle,2013,F,COL,25,19,1681,5,3,0.27,0.16,3,2,2,3,3,0,550000.0,550000.0,8
Edson Buddle,2014,F,COL,18,12,1116,2,1,0.16,0.08,1,1,1,1,1,0,325000.0,325000.0,3
Edson Edward,2010,D,DAL,1,0,5,0,0,0.0,0.0,0,0,0,0,0,0,80000.0,80000.0,0
Edson Edward,2011,D,DAL,0,0,0,0,0,0.0,0.0,0,0,0,0,0,0,84000.0,84000.0,0
Eduardo Coudet,2010,M,PHI,9,9,631,0,0,0.0,0.0,0,0,0,0,0,0,180000.0,185000.0,0
Eduardo Lillingston,2009,F,CHV,26,15,1277,8,2,0.57,0.14,3,0,4,4,2,0,192000.0,192000.0,10
Eduardo Lillingston,2010,F,CHV,0,0,0,0,0,0.0,0.0,0,0,0,0,0,0,100000.0,100000.0,0
Eduardo Sebrango,2012,F,MTL,7,1,120,0,0,0.0,0.0,0,0,0,0,0,0,44000.0,44000.0,0
Elias Vasquez,2015,D,RSL,15,14,1264,0,0,0.0,0.0,0,0,0,0,0,0,110000.0,122136.67,0
Emanuel Pogatetz,2014,D,CLB,2,0,52,0,0,0.0,0.0,0,0,0,0,0,0,720000.0,745000.0,0
Emanuel Pogatetz,2015,D,CLB,19,16,1476,0,1,0.0,0.06,0,0,0,0,1,0,500000.0,525000.0,1
Emery Welshman,2013,F,TOR,1,0,5,0,0,0.0,0.0,0,0,0,0,0,0,46500.0,46500.0,0
Emery Welshman,2016,F,RSL,0,0,0,0,0,0.0,0.0,0,0,0,0,0,0,125000.0,125000.0,0
Emil Larsen,2016,M,CLB,3,0,31,0,0,0.0,0.0,0,0,0,0,0,0,175000.0,175000.0,0
Emiliano Bonfigli,2012,F,RSL,10,1,288,1,0,0.31,0.0,0,0,0,1,0,0,88000.0,88000.0,1
Emmanuel Appiah,2016,M,COL,1,1,90,0,0,0.0,0.0,0,0,0,0,0,0,125000.16,125000.16,0
Emmanuel Ekpo,2008,M,CLB,20,7,758,2,1,0.24,0.12,1,0,2,0,0,1,203000.0,247500.0,3
Emmanuel Ekpo,2009,M,CLB,30,23,2005,2,7,0.09,1.58,0,3,1,1,5,2,250000.0,294500.0,9
Emmanuel Ekpo,2010,M,CLB,26,15,1349,0,1,0.0,0.53,0,1,0,0,1,0,310000.0,354500.0,1
Emmanuel Ekpo,2011,M,CLB,32,29,2506,1,2,0.04,0.07,0,0,1,0,2,0,400000.0,444500.0,3
Enzo Martinez,2012,M,RSL,0,0,0,0,0,0.0,0.0,0,0,0,0,0,0,130000.0,182000.0,0
Enzo Martinez,2013,M,RSL,0,0,0,0,0,0.0,0.0,0,0,0,0,0,0,143000.0,195000.0,0
Erasmo Solorzano,2007,M,CHV,1,0,1,0,0,0.0,0.0,0,0,0,0,0,0,25800.0,25800.0,0
Eric Alexander,2010,M,DAL,19,12,1059,2,3,0.17,0.26,1,0,1,1,1,2,80000.0,80000.0,5
Eric Alexander,2012,M,POR,24,14,1302,0,6,0.0,0.41,0,0,0,0,4,2,56925.0,56925.0,6
Eric Alexander,2015,M,MTL,20,10,878,0,0,0.0,0.0,0,0,0,0,0,0,280000.0,307500.0,0
Eric Alexander,2017,M,HOU,17,15,1214,0,2,0.0,0.38,0,1,0,0,1,1,380000.0,407500.0,2
Eric Avila,2008,M,DAL,14,3,508,0,2,0.0,0.35,0,0,0,0,1,1,45000.0,78000.0,2
Eric Avila,2009,M,DAL,18,0,332,1,2,0.27,0.54,0,0,1,0,1,1,70000.0,103000.0,3
Eric Avila,2010,M,DAL,20,1,470,2,1,5.2,0.2,1,0,2,0,1,0,150000.0,216000.0,3
Eric Avila,2012,M,TOR,24,16,1366,1,3,0.07,0.2,0,0,0,1,0,3,125000.0,158000.0,4
Eric Avila,2013,M,CHV,28,24,2183,3,2,0.12,0.08,1,0,1,2,1,1,100000.0,120000.0,5
Eric Avila,2014,M,CHV,29,26,2171,0,1,0.0,0.04,0,0,0,0,1,0,115000.0,135000.0,1
Eric Avila,2015,M,ORL,21,15,1326,1,2,0.07,0.14,1,0,1,0,0,2,72000.0,77000.0,3
Eric Ayuk,2015,M,PHI,28,14,1320,2,2,0.14,0.14,0,1,1,1,1,1,50000.0,50000.0,4
Eric Ayuk,2016,M,PHI,1,1,90,0,0,0.0,0.0,0,0,0,0,0,0,125000.0,125000.0,0
Eric Ayuk,2017,M,PHI,0,0,0,0,0,0.0,0.0,0,0,0,0,0,0,65625.0,65625.0,0
Eric Bird,2015,M,PHI,0,0,0,0,0,0.0,0.0,0,0,0,0,0,0,60000.0,60000.0,0
Eric Brunner,2009,D,CLB,27,25,2252,1,1,0.04,0.04,0,0,0,1,1,0,68016.0,68016.0,2
Eric Brunner,2010,D,CLB,15,14,1265,1,0,0.08,0.0,0,0,1,0,0,0,80000.0,80000.0,1
Eric Brunner,2011,D,POR,32,31,2795,3,1,0.1,0.03,2,0,3,0,1,0,70000.0,74250.0,4
Eric Brunner,2012,D,POR,13,10,924,1,0,0.1,0.0,0,0,1,0,0,0,100000.0,100625.0,1
Eric Brunner,2013,D,HOU,18,14,1364,0,0,0.0,0.0,0,0,0,0,0,0,240000.0,241250.0,0
Eric Brunner,2014,D,HOU,6,3,297,0,0,0.0,0.0,0,0,0,0,0,0,130000.0,130625.0,0
Eric Ebert,2007,D,HOU,0,0,0,0,0,0.0,0.0,0,0,0,0,0,0,25800.0,25800.0,0
Eric Ebert,2008,D,CHV,7,2,256,0,0,0.0,0.0,0,0,0,0,0,0,25800.0,25800.0,0
Eric Gehrig,2011,D,CLB,8,4,474,0,0,0.0,0.0,0,0,0,0,0,0,65200.08,65200.08,0
Eric Gehrig,2012,D,CLB,12,8,812,0,1,0.0,0.11,0,0,0,0,1,0,44000.0,44000.0,1
Eric Gehrig,2013,D,CLB,6,6,540,0,0,0.0,0.0,0,0,0,0,0,0,46500.0,46500.0,0
Eric Gehrig,2014,D,CLB,22,15,1255,0,0,0.0,0.0,0,0,0,0,0,0,97650.0,97650.0,0
Eric Gehrig,2015,D,CHI,25,25,2214,0,1,0.0,0.04,0,0,0,0,0,1,95000.0,100833.33,1
Eric Gehrig,2016,D,CHI,5,3,259,0,0,0.0,0.0,0,0,0,0,0,0,106875.0,112708.33,0
Eric Hassli,2011,F,VAN,26,21,1865,10,2,0.48,0.1,0,0,6,4,2,0,660000.0,900000.0,12
Eric Hassli,2012,F,TOR,25,16,1469,5,5,0.31,0.31,1,1,4,1,2,3,550000.0,790000.0,10
Eric Hassli,2013,F,DAL,15,4,429,0,1,0.0,0.21,0,0,0,0,1,0,237276.0,262276.0,1
Erick Neres da Cruz,2013,M,DAL,9,8,652,0,0,0.0,0.0,0,0,0,0,0,0,84000.0,85875.0,0
Erick Torres,2013,F,CHV,15,15,1349,7,1,0.47,0.07,3,0,4,3,1,0,129996.0,129996.0,8
Erick Torres,2014,F,CHV,29,29,2510,15,1,0.54,0.04,4,1,6,9,0,1,152004.0,152004.0,16
Erick Torres,2015,F,HOU,11,3,339,0,1,0.0,0.27,0,1,0,0,1,0,350000.0,425000.0,1
Erick Torres,2016,F,HOU,11,4,401,0,1,0.0,0.22,0,1,0,0,1,0,575000.0,650000.0,1
Erick Torres,2017,F,HOU,31,25,2189,14,3,0.63,0.13,3,0,9,5,2,1,1300000.0,1330000.0,17
Erik Friberg,2011,M,SEA,28,24,2017,1,2,0.05,0.09,0,0,1,0,0,2,220000.0,220000.0,3
Erik Friberg,2015,M,SEA,16,14,1200,1,2,0.36,0.19,1,0,1,0,1,1,360000.0,405000.0,3
Erik Friberg,2016,M,SEA,30,23,1963,0,2,0.0,0.11,0,2,0,0,2,0,480000.0,525000.0,2
Erik Ustruck,2007,F,HOU,0,0,0,0,0,0.0,0.0,0,0,0,0,0,0,25800.0,25800.0,0
Erik Ustruck,2008,F,HOU,0,0,0,0,0,0.0,0.0,0,0,0,0,0,0,25800.0,25800.0,0
Erik Ustruck,2009,F,HOU,2,0,40,0,0,0.0,0.0,0,0,0,0,0,0,40200.0,40200.0,0
Eriq Zavaleta,2015,D,TOR,19,11,1099,1,0,0.09,0.0,0,0,0,1,0,0,170000.0,231200.0,1
Eriq Zavaleta,2016,D,TOR,21,20,1877,0,2,0.0,0.22,0,1,0,0,1,1,220000.0,281200.0,2
Eriq Zavaleta,2017,D,TOR,33,30,2577,1,0,0.04,0.0,1,0,1,0,0,0,205700.0,266900.0,1
Ethan White,2014,D,PHI,12,12,1042,0,0,0.0,0.0,0,0,0,0,0,0,80000.0,80000.0,0
Ethan White,2015,D,PHI,16,13,1224,0,0,0.0,0.0,0,0,0,0,0,0,125000.0,125000.0,0
Ethen Sampson,2014,D,VAN,2,2,144,0,0,0.0,0.0,0,0,0,0,0,0,36504.0,36504.0,0
Ethen Sampson,2015,D,VAN,1,1,88,0,0,0.0,0.0,0,0,0,0,0,0,120000.0,120000.0,0
Etienne Barbara,2012,F,VAN,2,0,13,0,0,0.0,0.0,0,0,0,0,0,0,175000.0,175000.0,0
Evan Brown,2009,D,SEA,0,0,0,0,0,0.0,0.0,0,0,0,0,0,0,40200.0,40200.0,0
Evan James,2012,F,MTL,0,0,0,0,0,0.0,0.0,0,0,0,0,0,0,33750.0,33750.0,0
Ezequiel Cirigliano,2015,M,DAL,8,6,521,0,0,0.0,0.0,0,0,0,0,0,0,249999.84,335999.84,0
Ezra Hendrickson,2007,D,CLB,23,21,1851,1,0,0.05,0.0,1,0,1,0,0,0,76650.0,77900.0,1
Ezra Hendrickson,2008,D,CLB,14,7,689,0,0,0.0,0.0,0,0,0,0,0,0,144000.0,144000.0,0
Fabian Castillo,2011,M-F,DAL,22,16,1363,2,3,0.13,0.2,0,2,2,0,3,0,84000.0,84000.0,5
Fabian Castillo,2012,M-F,DAL,26,23,1892,6,3,0.29,0.14,2,2,2,4,2,1,50000.0,56250.0,9
Fabian Castillo,2013,M-F,DAL,33,26,2176,2,6,0.08,0.25,2,1,2,0,2,4,60000.0,66250.0,8
Fabian Castillo,2014,M-F,DAL,30,29,2552,10,4,0.39,0.16,4,1,7,3,1,3,140000.0,152500.0,14
Fabian Castillo,2015,M-F,DAL,34,32,2949,10,9,0.55,0.32,1,2,7,3,3,6,290000.0,320000.0,19
Fabian Castillo,2016,M-F,DAL,22,20,1752,5,5,0.26,0.26,3,0,3,2,3,2,155750.0,170750.0,10
Fabian Espindola,2008,F,RSL,14,8,651,5,0,0.7,0.0,1,0,4,1,0,0,150000.0,150000.0,5
Fabian Espindola,2009,F,RSL,26,19,1733,3,3,0.18,0.18,0,2,2,1,3,0,84000.0,84000.0,6
Fabian Espindola,2010,F,RSL,24,21,1677,7,2,0.91,0.12,3,2,3,4,1,1,150000.0,150000.0,9
Fabian Espindola,2011,F,RSL,30,28,2366,10,3,0.43,0.13,2,0,5,5,2,1,150000.0,150000.0,13
Fabian Espindola,2012,F,RSL,32,28,2370,9,7,0.35,0.27,4,3,3,6,3,4,250000.0,250000.0,16
Facundo Diz,2009,F,COL,8,0,97,0,0,0.0,0.0,0,0,0,0,0,0,42000.0,42000.0,0
Facundo Erpen,2007,D,COL,26,25,2056,1,2,0.04,0.09,0,0,0,1,2,0,115000.0,115000.0,3
Facundo Erpen,2008,D,COL,23,21,1854,1,1,0.05,0.05,0,1,1,0,1,0,125000.0,125000.0,2
Federico Puppo,2012,F,CHI,11,1,216,0,1,0.0,0.42,0,1,0,0,0,1,200000.0,200000.0,1
Felix Borja,2014,F,CHV,12,12,1009,3,0,0.27,0.0,3,0,3,0,0,0,48504.0,48504.0,3
Felix Garcia,2009,F,HOU,0,0,0,0,0,0.0,0.0,0,0,0,0,0,0,65000.0,99000.0,0
Femi Hollinger-Janzen,2017,F,NE,13,1,148,0,0,0.0,0.0,0,0,0,0,0,0,54075.0,54075.0,0
Fernando Aristeguieta,2015,F,PHI,21,14,1251,5,1,0.36,0.07,0,0,1,4,1,0,350004.0,350004.0,6
Florian Jungwirth,2017,D,SJ,31,31,2690,2,3,0.07,0.1,1,0,0,2,3,0,900000.0,1033334.14,5
Floyd Franks,2007,M,CHI,8,2,225,1,0,0.4,0.0,0,0,0,1,0,0,35400.0,35400.0,1
Francisco Mendoza,2007,M,CHV,30,29,2630,2,4,0.07,0.15,0,0,1,1,2,2,180000.0,187500.0,6
Francisco Mendoza,2008,M,CHV,30,30,2614,0,5,0.0,0.65,0,1,0,0,4,1,210000.0,210000.0,5
Francisco Mendoza,2011,M,CHV,12,2,281,0,2,0.0,0.64,0,0,0,0,2,0,55000.0,55000.0,2
Franck Songo'o,2012,M,POR,27,21,1732,1,5,0.05,0.26,1,2,1,0,2,3,70000.0,70000.0,6
Frankie Hejduk,2007,D,CLB,24,24,2160,0,3,0.0,0.13,0,1,0,0,2,1,150000.0,175000.0,3
Frankie Hejduk,2008,D,CLB,28,28,2495,2,4,0.29,0.17,0,2,2,0,3,1,300000.0,350000.0,6
Frankie Hejduk,2009,D,CLB,16,16,1422,1,3,0.07,0.21,0,1,1,0,3,0,300000.0,350000.0,4
Frankie Hejduk,2010,D,CLB,22,22,1946,0,2,0.0,0.1,0,0,0,0,0,2,240000.0,255000.0,2
Freddy Adu,2011,F,PHI,13,6,646,2,1,0.3,0.15,1,0,1,1,0,1,951768.0,1189768.0,3
Freddy Adu,2012,F,PHI,24,20,1468,5,1,0.31,0.06,2,0,4,1,1,0,400000.0,519000.0,6
Frederic Piquionne,2013,F,POR,23,8,825,2,5,2.25,0.57,1,1,1,1,1,4,284000.0,300000.0,7
Fredy Montero,2017,F,VAN,36,29,2739,14,6,0.8,0.22,2,4,10,4,5,1,2800000.08,3600000.08,20
Gabriel Farfan,2013,M,CHV,20,13,1157,0,0,0.0,0.0,0,0,0,0,0,0,50820.0,50820.0,0
Gabriel Ferrari,2011,F,CHI,3,0,17,0,0,0.0,0.0,0,0,0,0,0,0,70000.0,70875.0,0
Gale Agbossoumonde,2013,D,TOR,13,12,1081,0,0,0.0,0.0,0,0,0,0,0,0,46500.0,53166.67,0
Gale Agbossoumonde,2014,D,COL,0,0,0,0,0,0.0,0.0,0,0,0,0,0,0,48825.0,55491.67,0
Gaston Fernandez,2014,M,POR,32,17,1562,7,2,0.4,0.12,0,1,5,2,0,2,150000.0,150000.0,9
Gaston Sauro,2015,D,CLB,8,8,663,0,0,0.0,0.0,0,0,0,0,0,0,1166400.0,1199025.0,0
Gaston Sauro,2016,D,CLB,13,12,918,0,0,0.0,0.0,0,0,0,0,0,0,585000.0,601312.5,0
Gaston Sauro,2017,D,CLB,0,0,0,0,0,0.0,0.0,0,0,0,0,0,0,1170000.0,1202625.0,0
Gbenga Arokoyo,2017,D,POR,0,0,0,0,0,0.0,0.0,0,0,0,0,0,0,270000.0,311200.0,0
Gege Soriola,2014,D,MTL,0,0,0,0,0,0.0,0.0,0,0,0,0,0,0,120000.0,120000.0,0
Geoff Cameron,2008,D,HOU,24,8,928,1,2,0.1,0.2,0,2,1,0,1,1,66000.0,66000.0,3
Geoff Cameron,2009,D,HOU,32,32,2940,2,6,0.07,0.21,0,2,2,0,3,3,69300.0,69300.0,8
Geoff Cameron,2010,D,HOU,16,15,1321,3,0,0.2,0.0,2,0,2,1,0,0,40000.0,40000.0,3
Geoff Cameron,2011,D,HOU,37,37,3330,5,5,0.15,0.15,1,2,2,3,3,2,440000.0,490000.0,10
George Fochive,2014,M,POR,0,0,0,0,0,0.0,0.0,0,0,0,0,0,0,36500.0,36500.0,0
George Fochive,2015,M,POR,12,8,719,0,1,0.0,0.13,0,0,0,0,1,0,100000.0,100000.0,1
George John,2009,D,DAL,16,15,1162,1,0,0.08,0.0,0,0,1,0,0,0,34008.0,34008.0,1
George John,2010,D,DAL,28,28,2438,1,0,0.3,0.0,0,0,0,1,0,0,80000.0,80000.0,1
George John,2011,D,DAL,32,32,2871,3,1,0.1,0.03,0,0,1,2,0,1,84000.0,84000.0,4
George John,2012,D,DAL,23,19,1756,0,0,0.0,0.0,0,0,0,0,0,0,47250.0,47250.0,0
George John,2013,D,DAL,24,24,2070,2,0,0.09,0.0,1,0,2,0,0,0,275000.0,301666.67,2
George John,2014,D,DAL,0,0,0,0,0,0.0,0.0,0,0,0,0,0,0,600000.0,653333.34,0
George Josten,2008,F-M,CLB,0,0,0,0,0,0.0,0.0,0,0,0,0,0,0,25800.0,25800.0,0
George Malki,2017,D,HOU,0,0,0,0,0,0.0,0.0,0,0,0,0,0,0,130008.0,130008.0,0
German Mera,2013,D,COL,14,7,667,0,0,0.0,0.0,0,0,0,0,0,0,93000.0,93000.0,0
Gershon Koffie,2011,M,VAN,29,28,2467,1,0,0.04,0.0,0,0,1,0,0,0,75000.0,79764.38,1
Gershon Koffie,2012,M,VAN,30,29,2593,3,2,0.11,0.07,1,1,3,0,2,0,180000.0,185000.0,5
Gershon Koffie,2013,M,VAN,26,21,1911,3,3,0.14,0.14,1,1,3,0,3,0,165000.0,176000.0,6
Gershon Koffie,2014,M,VAN,21,17,1541,1,1,0.06,0.06,0,0,1,0,1,0,200000.0,211000.0,2
Gershon Koffie,2015,M,VAN,30,24,2127,1,1,0.04,0.04,0,1,1,0,1,0,460000.0,482000.0,2
Giancarlo Maldonado,2010,F,CHV,10,7,612,2,1,0.29,0.15,0,0,1,1,1,0,204000.0,204000.0,3
Giles Barnes,2012,M,HOU,7,1,239,0,0,0.0,0.0,0,0,0,0,0,0,240000.0,265500.0,0
Giles Barnes,2013,M,HOU,38,36,2902,9,4,0.32,0.14,3,3,7,2,2,2,350000.0,368375.0,13
Giles Barnes,2014,M,HOU,34,34,3028,11,5,0.33,0.15,3,2,8,3,3,2,230000.0,241158.33,16
Giles Barnes,2015,M,HOU,28,28,2474,7,3,0.25,0.11,3,1,7,0,2,1,247500.0,258375.0,10
Giles Barnes,2016,M,HOU,24,21,1807,6,3,0.3,0.15,3,0,6,0,2,1,700000.0,756250.0,9
Giles Barnes,2017,M,ORL,34,23,2137,3,2,0.13,0.08,1,1,2,1,2,0,725000.0,781250.0,5
Giliano Wijnaldum,2017,D,PHI,13,13,1138,0,1,0.0,0.08,0,0,0,0,1,0,65004.0,78337.33,1
Gino Padula,2008,D,CLB,18,18,1586,0,0,0.0,0.0,0,0,0,0,0,0,240000.0,290000.0,0
Gino Padula,2009,D,CLB,29,29,2495,1,4,0.04,0.16,1,1,0,1,3,1,300000.0,350000.0,5
Gino Padula,2010,D,CLB,15,13,1001,0,0,0.0,0.0,0,0,0,0,0,0,330000.0,380000.0,0
Gonzalo Pineda,2014,M,SEA,31,27,2488,3,7,0.12,0.28,1,4,2,1,3,4,160000.0,160000.0,10
Gonzalo Pineda,2015,M,SEA,28,21,1845,1,2,0.05,0.1,0,0,0,1,1,1,320000.0,320000.0,3
Gonzalo Segares,2007,D,CHI,30,30,2676,1,1,0.04,0.04,0,1,1,0,0,1,96600.0,101600.0,2
Gonzalo Segares,2008,D,CHI,26,26,2272,3,2,0.43999999999999995,0.09,0,0,1,2,1,1,117180.0,122180.0,5
Gonzalo Segares,2009,D,CHI,13,12,991,1,1,0.09,0.09,0,0,0,1,0,1,123039.0,128039.0,2
Gonzalo Segares,2010,D,CHI,6,6,439,0,0,0.0,0.0,0,0,0,0,0,0,60000.0,67750.0,0
Gonzalo Segares,2011,D,CHI,33,33,2950,0,5,0.0,0.15,0,3,0,0,2,3,160000.0,167750.0,5
Gonzalo Segares,2012,D,CHI,32,32,2772,3,1,0.1,0.03,1,1,1,2,1,0,420000.0,435500.0,4
Gonzalo Segares,2013,D,CHI,32,32,2855,0,1,0.0,0.03,0,0,0,0,1,0,155000.0,168333.33,1
Gonzalo Segares,2014,D,CHI,21,20,1741,0,0,0.0,0.0,0,0,0,0,0,0,160000.0,173333.33,0
Gorka Larrea,2014,M,MTL,9,5,428,0,0,0.0,0.0,0,0,0,0,0,0,48500.04,48500.04,0
Grant Ward,2014,M,CHI,23,12,1051,1,2,0.09,0.17,0,1,0,1,1,1,48500.0,48500.0,3
Greg Cochrane,2014,D,CHI,12,12,1063,0,2,0.0,0.17,0,0,0,0,1,1,48500.0,48500.0,2
Greg Cochrane,2015,D,CHI,4,4,334,0,0,0.0,0.0,0,0,0,0,0,0,60000.0,60000.0,0
Greg Dalby,2008,M,COL,3,0,28,0,0,0.0,0.0,0,0,0,0,0,0,33000.0,33000.0,0
Greg Dalby,2009,M,COL,11,2,242,0,0,0.0,0.0,0,0,0,0,0,0,34650.0,34650.0,0
Greg Janicki,2011,D,VAN,10,8,752,0,0,0.0,0.0,0,0,0,0,0,0,45000.0,45000.0,0
Greg Jordan,2012,M,PHI,0,0,0,0,0,0.0,0.0,0,0,0,0,0,0,44000.0,44000.0,0
Greg Jordan,2013,M,PHI,0,0,0,0,0,0.0,0.0,0,0,0,0,0,0,46500.0,46500.0,0
Guillermo Barros Schelotto,2007,F,CLB,22,19,1605,5,11,0.28,0.62,3,1,3,2,3,8,150000.0,150000.0,16
Guillermo Barros Schelotto,2008,F,CLB,31,31,2561,7,25,0.28,2.34,1,7,5,2,19,6,500000.0,750000.0,32
Guillermo Barros Schelotto,2009,F,CLB,25,22,1906,14,3,2.59,0.15,3,1,8,6,2,1,1300000.0,1550000.0,17
Guillermo Barros Schelotto,2010,F,CLB,31,31,2733,9,9,0.32,0.76,4,3,6,3,6,3,280000.0,482500.0,18
Guillermo Franco,2012,F,CHI,3,0,43,0,0,0.0,0.0,0,0,0,0,0,0,348000.0,348000.0,0
Gustav Svensson,2017,M,SEA,37,33,2971,2,4,0.31000000000000005,0.14,1,2,1,1,3,1,340000.08,340000.08,6
Hadji Barry,2016,F,ORL,8,4,293,0,1,0.0,0.31,0,0,0,0,1,0,62500.0,62500.0,1
Hadji Barry,2017,F,ORL,3,0,11,0,0,0.0,0.0,0,0,0,0,0,0,68750.0,73312.5,0
Harold Cummings,2017,D,SJ,0,0,0,0,0,0.0,0.0,0,0,0,0,0,0,499992.0,601325.34,0
Harrison Afful,2015,D,CLB,14,14,1226,0,2,0.0,0.24,0,1,0,0,0,2,300000.0,300000.0,2
Harrison Afful,2016,D,CLB,30,30,2567,3,3,0.11,0.11,1,0,2,1,2,1,275000.0,291666.67,6
Harrison Afful,2017,D,CLB,29,26,2256,1,1,0.19,0.05,0,0,1,0,0,1,560000.0,593333.34,2
Harrison Heath,2015,M,ORL,3,2,136,0,0,0.0,0.0,0,0,0,0,0,0,60000.0,60000.0,0
Harrison Heath,2016,M,ORL,3,3,223,0,0,0.0,0.0,0,0,0,0,0,0,63000.0,63000.0,0
Harrison Heath,2017,M,ATL,1,0,1,0,0,0.0,0.0,0,0,0,0,0,0,132300.0,132300.0,0
Hassoun Camara,2012,D,MTL,20,19,1663,1,2,0.05,0.11,1,0,1,0,1,1,75000.0,75000.0,3
Hassoun Camara,2013,D,MTL,33,33,2964,3,3,0.09,0.09,0,2,1,2,1,2,230000.0,253250.0,6
Hassoun Camara,2014,D,MTL,28,26,2365,1,1,0.04,0.04,0,0,0,1,1,0,215000.0,226625.0,2
Hassoun Camara,2015,D,MTL,10,5,533,0,0,0.0,0.0,0,0,0,0,0,0,470000.0,493250.0,0
Hassoun Camara,2016,D,MTL,32,31,2720,2,2,0.08,0.08,1,0,2,0,2,0,360000.0,360000.0,4
Hassoun Camara,2017,D,MTL,18,16,1350,0,0,0.0,0.0,0,0,0,0,0,0,255000.0,255000.0,0
Heath Pearce,2009,D,DAL,6,5,478,0,1,0.0,0.19,0,0,0,0,0,1,48000.0,57500.0,1
Heath Pearce,2010,D,DAL,28,27,2414,0,6,0.0,0.22,0,2,0,0,4,2,396000.0,415000.0,6
Heath Pearce,2011,D,CHV,30,29,2581,0,3,0.0,0.1,0,0,0,0,0,3,247825.0,257325.0,3
Heath Pearce,2014,D,MTL,23,20,1822,0,0,0.0,0.0,0,0,0,0,0,0,100000.0,100000.0,0
Hector Jimenez,2014,M,CLB,26,21,1853,1,5,0.05,0.27,0,1,1,0,1,4,150000.0,150000.0,6
Hector Jimenez,2015,M,CLB,23,12,1112,0,4,0.0,0.32,0,2,0,0,1,3,180000.0,180000.0,4
Hector Jimenez,2016,M,CLB,25,14,1239,0,1,0.0,0.07,0,1,0,0,0,1,105000.0,105000.0,1
Hector Jimenez,2017,M,CLB,23,18,1624,0,3,0.0,0.2,0,2,0,0,2,1,300000.0,300000.0,3
Hector Villalba,2017,F,ATL,35,35,2882,13,11,0.42,0.36,4,1,7,6,9,2,1326000.0,1541500.0,24
Hendry Thomas,2012,M,COL,8,8,695,0,0,0.0,0.0,0,0,0,0,0,0,187800.0,197800.0,0
Hendry Thomas,2013,M,COL,28,28,2391,2,1,0.08,0.04,1,0,2,0,1,0,360000.0,400000.0,3
Hendry Thomas,2014,M,DAL,10,9,770,0,1,0.0,0.12,0,0,0,0,1,0,360000.0,360000.0,1
Henry Wingo,2017,M,SEA,12,0,133,0,0,0.0,0.0,0,0,0,0,0,0,106008.0,106008.0,0
Hernan Bernardello,2013,M,MTL,9,9,716,0,0,0.0,0.0,0,0,0,0,0,0,500016.0,500016.0,0
Hernan Bernardello,2017,M,MTL,22,17,1496,0,3,0.0,0.18,0,2,0,0,2,1,288000.0,288000.0,3
Hernan Grana,2017,D,DAL,30,30,2660,1,4,0.03,0.14,0,2,1,0,4,0,200000.04,225500.04,5
Hunter Freeman,2011,D,HOU,23,22,1909,1,2,0.05,0.09,1,0,1,0,2,0,300000.0,321666.66,3
Hunter Freeman,2012,D,COL,19,18,1542,0,5,0.0,0.29,0,1,0,0,3,2,105000.0,110792.5,5
Hunter Jumper,2012,D,CHI,5,0,48,0,0,0.0,0.0,0,0,0,0,0,0,67500.0,67500.0,0
Hunter Jumper,2013,D,CHI,2,2,180,1,1,0.5,0.5,1,0,1,0,1,0,35125.0,35125.0,2
Hunter Jumper,2014,D,CHI,0,0,0,0,0,0.0,0.0,0,0,0,0,0,0,48500.0,48500.0,0
Ian Harkes,2017,M,DC,25,22,1948,2,1,0.09,0.05,0,1,0,2,1,0,90000.0,123237.5,3
Ian Hogg,2012,D,POR,0,0,0,0,0,0.0,0.0,0,0,0,0,0,0,44000.04,44000.04,0
Ian Joy,2008,D,RSL,20,19,1440,0,0,0.0,0.0,0,0,0,0,0,0,240000.0,240000.0,0
Ignacio Piatti,2014,M,MTL,6,6,450,4,1,0.8,0.2,1,0,3,1,1,0,387500.0,387500.0,5
Ignacio Piatti,2015,M,MTL,29,29,2513,10,9,0.6699999999999999,0.63,3,7,5,5,8,1,800000.0,800000.0,19
Ignacio Piatti,2016,M,MTL,37,36,3292,21,8,1.3,0.5700000000000001,6,1,8,13,6,2,850000.0,850000.0,29
Ignacio Piatti,2017,M,MTL,28,26,2368,17,6,0.65,0.23,2,1,11,6,2,4,450000.0,450000.0,23
Issey Nakajima-Farran,2014,M,MTL,18,7,775,2,0,0.23,0.0,0,0,0,2,0,0,90000.0,110000.0,2
Ivan Guerrero,2007,M,CHI,19,16,1490,1,2,0.06,0.12,1,1,0,1,1,1,320000.0,375000.0,3
Jack Barmby,2016,M-D,POR,19,2,381,1,0,0.24,0.0,0,0,0,1,0,0,72000.0,73800.0,1
Jack Barmby,2017,M-D,POR,11,0,108,1,0,0.91,0.0,0,0,1,0,0,0,130008.0,130008.0,1
Jack Elliott,2017,D,PHI,30,29,2621,1,1,0.03,0.03,0,0,0,1,1,0,53004.0,53004.0,2
Jack Jewsbury,2011,M,POR,31,31,2790,7,8,0.23,0.26,1,3,4,3,6,2,155000.0,158166.67,15
Jack Jewsbury,2012,M,POR,32,31,2765,3,4,0.1,0.13,2,0,2,1,4,0,180000.0,189750.0,7
Jack Jewsbury,2013,M,POR,30,30,2581,0,3,0.0,0.5700000000000001,0,1,0,0,0,3,370000.0,389500.0,3
Jack Jewsbury,2014,M,POR,19,16,1428,0,2,0.0,0.13,0,0,0,0,2,0,115000.0,132500.0,2
Jack Jewsbury,2015,M,POR,32,21,2047,3,0,0.16,0.0,2,0,1,2,0,0,240000.0,275000.0,3
Jack Jewsbury,2016,M,POR,23,17,1503,1,2,0.06,0.12,0,0,1,0,2,0,140000.0,147000.0,3
Jack McInerney,2010,F,PHI,17,1,350,3,0,0.77,0.0,0,0,0,3,0,0,52250.0,116416.67,3
Jack McInerney,2011,F,PHI,20,6,676,1,0,0.16,0.0,0,0,1,0,0,0,142500.0,270833.34,1
Jack McInerney,2012,F,PHI,25,18,1630,8,3,0.44,0.17,3,2,4,4,2,1,76000.0,140166.67,11
Jack McInerney,2013,F,PHI,31,25,2209,12,0,0.49,0.0,5,0,4,8,0,0,125500.0,189666.67,12
Jack McInerney,2014,F,MTL,30,25,2116,8,2,0.34,0.09,2,0,6,2,1,1,230000.0,294166.67,10
Jack McInerney,2015,F,CLB,24,15,1423,6,1,0.4,0.07,3,0,5,1,1,0,540000.0,668333.34,7
Jack McInerney,2016,F,POR,24,8,904,5,0,0.5,0.0,0,0,3,2,0,0,270000.0,270000.0,5
Jack Stewart,2007,D,RSL,13,12,1006,0,1,0.0,0.09,0,0,0,0,1,0,41081.25,48581.25,1
Jack Stewart,2011,D,DAL,2,1,109,0,1,0.0,0.83,0,0,0,0,0,1,84000.0,84000.0,1
Jackson Goncalves,2010,M,DAL,16,13,1107,0,1,0.0,0.11,0,1,0,0,0,1,129240.0,151740.0,1
Jackson Goncalves,2011,M,DAL,29,23,2042,4,2,0.18,0.09,1,0,2,2,1,1,168000.0,210750.0,6
Jackson Goncalves,2012,M,DAL,21,18,1732,4,7,0.21,0.36,0,1,3,1,3,4,120000.0,141375.0,11
Jackson Goncalves,2013,M,DAL,30,29,2375,3,3,0.11,0.11,1,1,3,0,1,2,144000.0,165375.0,6
Jackson Goncalves,2014,M,TOR,26,21,1842,4,1,0.2,0.05,1,1,3,1,1,0,150000.0,202500.0,5
Jackson Goncalves,2015,M,TOR,27,15,1464,1,1,0.07,0.07,0,0,0,1,0,1,330000.0,385000.0,2
Jackson Yueill,2017,M,SJ,14,10,971,0,1,0.0,0.09,0,0,0,0,0,1,249984.0,351984.0,1
Jacob Peterson,2007,F,COL,24,10,1118,1,0,0.08,0.0,0,0,0,1,0,0,70000.0,88750.0,1
Jacob Peterson,2008,F,COL,17,10,762,1,0,0.12,0.0,1,0,1,0,0,0,75000.0,93750.0,1
Jacob Peterson,2009,F,COL,23,12,1131,2,2,0.16,0.16,1,1,2,0,2,0,100000.0,118750.0,4
Jacob Peterson,2017,F,ATL,11,1,171,3,0,1.64,0.0,0,0,1,2,0,0,330600.0,330600.0,3
Jacob Thomas,2007,F,CLB,9,4,402,1,0,0.22,0.0,1,0,0,1,0,0,84000.0,87750.0,1
Jahmir Hyka,2017,M,SJ,30,21,1871,3,5,0.14,0.24,2,2,2,1,3,2,940008.0,1040008.0,8
Jairo Arrieta,2012,F,CLB,18,18,1534,9,4,0.53,0.23,2,3,5,4,3,1,216000.0,225375.0,13
Jairo Arrieta,2013,F,CLB,26,21,1862,3,4,0.15,0.19,0,3,0,3,3,1,216000.0,225375.0,7
Jairo Arrieta,2014,F,CLB,25,15,1321,5,1,0.36,0.07,2,0,3,2,0,1,270000.0,270000.0,6
Jake Nerwinski,2017,D,VAN,22,22,1923,0,5,0.0,0.26,0,2,0,0,5,0,130008.0,130008.0,5
Jalen Robinson,2016,D,DC,4,3,271,0,0,0.0,0.0,0,0,0,0,0,0,150000.0,174000.0,0
Jalen Robinson,2017,D,DC,7,6,543,0,0,0.0,0.0,0,0,0,0,0,0,69996.0,69996.0,0
James Bissue,2014,M,MTL,0,0,0,0,0,0.0,0.0,0,0,0,0,0,0,48500.0,48500.0,0
James Marcelin,2011,M,POR,20,12,1142,0,0,0.0,0.0,0,0,0,0,0,0,65000.0,65000.0,0
James Marcelin,2012,M,DAL,19,6,678,0,0,0.0,0.0,0,0,0,0,0,0,44000.04,44000.04,0
James Riley,2009,D,SEA,30,29,2544,0,4,0.0,0.15,0,1,0,0,1,3,138000.0,145250.0,4
James Riley,2010,D,SEA,29,29,2598,1,3,0.04,0.11,0,0,0,1,1,2,144900.0,152150.0,4
James Riley,2011,D,SEA,30,30,2669,0,2,0.0,0.07,0,2,0,0,2,0,184000.0,195925.0,2
James Riley,2012,D,CHV,32,32,2880,0,2,0.0,0.06,0,0,0,0,1,1,120000.0,125750.0,2
James Riley,2015,D,COL,16,16,1430,1,0,0.06,0.0,0,0,1,0,0,0,77500.0,83750.0,1
Jamie Smith,2009,M,COL,4,3,216,0,1,0.0,0.42,0,0,0,0,0,1,159600.0,169600.0,1
Jamie Smith,2010,M,COL,24,18,1567,1,8,0.07,0.53,1,3,1,0,5,3,345600.0,365600.0,9
Jamie Smith,2011,M,COL,21,19,1593,3,4,0.18,0.24,1,1,2,1,1,3,273984.0,293984.0,7
Jamie Smith,2012,M,COL,10,1,226,2,0,0.8,0.0,0,0,1,1,0,0,148992.0,158992.0,2
Jamie Smith,2013,M,COL,6,1,168,1,0,0.54,0.0,0,0,1,0,0,0,93000.0,93000.0,1
Jamie Watson,2007,M,RSL,9,0,190,0,0,0.0,0.0,0,0,0,0,0,0,45100.0,50100.0,0
Jared Jeffrey,2016,M,DC,22,15,1359,2,0,0.14,0.0,0,0,0,2,0,0,143325.0,155725.0,2
Jared Jeffrey,2017,M,DC,23,19,1617,1,1,0.06,0.06,0,0,0,1,1,0,105000.0,115000.0,2
Jared Watts,2014,D-M,COL,17,13,1149,0,1,0.0,0.08,0,0,0,0,0,1,36500.0,36500.0,1
Jared Watts,2015,D-M,COL,13,12,1050,1,1,0.09,0.09,1,1,1,0,0,1,60000.0,60000.0,2
Jared Watts,2016,D-M,COL,25,22,2037,0,0,0.0,0.0,0,0,0,0,0,0,136000.0,136000.0,0
Jared Watts,2017,D-M,COL,20,18,1490,0,1,0.0,0.06,0,1,0,0,1,0,75000.0,75000.0,1
Jason Garey,2007,F,CLB,11,5,447,1,0,0.2,0.0,0,0,0,1,0,0,41250.0,53750.0,1
Jason Garey,2008,F,CLB,10,0,128,3,0,2.11,0.0,0,0,2,1,0,0,96250.0,121250.0,3
Jason Garey,2009,F,CLB,17,8,724,4,2,0.51,0.26,2,0,3,1,1,1,105875.0,130875.0,6
Jason Garey,2010,F,CLB,24,9,861,2,2,0.23,0.23,2,0,2,0,0,2,150000.0,152500.0,4
Jason Garey,2011,F,HOU,10,2,164,0,0,0.0,0.0,0,0,0,0,0,0,160000.0,162500.0,0
Jason Hernandez,2007,D,CHV,22,10,1019,0,0,0.0,0.0,0,0,0,0,0,0,90000.0,91250.0,0
Jason Hernandez,2017,D,TOR,8,5,526,0,0,0.0,0.0,0,0,0,0,0,0,130008.0,130008.0,0
Jason Johnson,2013,F,HOU,14,4,436,1,0,0.21,0.0,0,0,1,0,0,0,140000.0,222000.0,1
Jason Johnson,2014,F,HOU,8,0,186,0,0,0.0,0.0,0,0,0,0,0,0,80000.0,121000.0,0
Jason Johnson,2015,F,CHI,20,5,610,2,2,0.3,0.3,1,1,1,1,1,1,90000.0,131000.0,4
Jason Yeisley,2010,F,DAL,5,0,39,0,0,0.0,0.0,0,0,0,0,0,0,80000.0,80000.0,0
Javier Morales,2007,M,RSL,7,5,369,1,2,0.24,0.49,0,0,1,0,1,1,120000.0,120000.0,3
Javier Morales,2008,M,RSL,32,32,2778,7,17,0.56,1.21,3,3,3,4,9,8,480000.0,480000.0,24
Javier Morales,2009,M,RSL,30,28,2375,2,6,0.33999999999999997,0.52,1,2,1,1,4,2,300000.0,400000.0,8
Javier Morales,2010,M,RSL,27,26,2232,7,9,0.29,0.37,3,3,4,3,6,3,400000.0,505000.0,16
Javier Morales,2011,M,RSL,13,12,1043,2,6,0.23,1.3900000000000001,1,2,2,0,3,3,800000.0,905000.0,8
Javier Morales,2012,M,RSL,31,25,2296,3,9,0.13,0.38,2,5,2,1,5,4,850000.0,955000.0,12
Javier Morales,2013,M,RSL,33,30,2771,9,13,0.5,0.9400000000000001,4,2,7,2,9,4,600000.0,600000.0,22
Javier Morales,2014,M,RSL,32,32,2805,9,12,0.31,0.41,3,2,3,6,7,5,600000.0,600000.0,21
Javier Morales,2015,M,RSL,26,24,2124,8,12,0.34,0.51,3,3,5,3,7,5,300000.0,300000.0,20
Javier Morales,2016,M,RSL,30,24,2250,4,4,0.16,0.16,2,0,2,2,3,1,1180000.0,1180000.0,8
Javier Morales,2017,M,DAL,15,8,757,1,2,0.12,0.24,1,0,1,0,0,2,300000.0,315000.0,3
Jay DeMerit,2012,D,VAN,32,32,2796,1,1,0.03,0.03,1,0,0,1,0,1,600000.0,700000.0,2
Jay DeMerit,2013,D,VAN,8,7,607,0,0,0.0,0.0,0,0,0,0,0,0,325000.0,375000.0,0
Jay Simpson,2017,F,PHI,22,4,472,1,0,0.19,0.0,0,0,1,0,0,0,465000.0,508333.33,1
Je-Vaughn Watson,2011,D,HOU,25,11,1227,1,2,0.08,0.15,0,0,0,1,1,1,150000.0,183750.0,3
Je-Vaughn Watson,2012,D,HOU,19,13,1096,0,0,0.0,0.0,0,0,0,0,0,0,190000.0,223750.0,0
Je-Vaughn Watson,2016,D,NE,23,19,1705,1,1,0.05,0.05,1,0,1,0,1,0,110004.0,115837.33,2
Je-Vaughn Watson,2017,D,NE,18,8,766,0,0,0.0,0.0,0,0,0,0,0,0,150000.0,155666.67,0
Jean-Martial Kipre,2007,D-M,RSL,18,16,1427,0,0,0.0,0.0,0,0,0,0,0,0,30000.0,30000.0,0
Jeb Brovsky,2011,D,VAN,24,16,1509,0,1,0.0,0.06,0,0,0,0,1,0,42000.0,42000.0,1
Jeb Brovsky,2012,D,MTL,28,25,2233,0,1,0.0,0.04,0,0,0,0,1,0,33750.0,33750.0,1
Jeb Brovsky,2013,D,MTL,31,30,2700,2,2,0.07,0.07,0,0,1,1,2,0,160000.0,168000.0,4
Jed Zayner,2007,D,CLB,2,0,20,0,0,0.0,0.0,0,0,0,0,0,0,33000.0,40500.0,0
Jed Zayner,2008,D,CLB,6,2,200,0,0,0.0,0.0,0,0,0,0,0,0,72600.0,87600.0,0
Jed Zayner,2009,D,CLB,20,16,1467,0,1,0.0,0.06,0,0,0,0,0,1,79860.0,94860.0,1
Jeff Curtin,2007,D,CHI,3,3,248,1,0,0.36,0.0,0,0,1,0,0,0,25800.0,25800.0,1
Jeff Larentowicz,2017,M,ATL,34,31,2722,1,1,0.03,0.03,0,0,1,0,0,1,350016.0,350016.0,2
Jeff Parke,2010,D,SEA,21,21,1747,0,1,0.0,0.05,0,0,0,0,1,0,199999.92,199999.92,1
Jeff Parke,2011,D,SEA,30,30,2567,1,0,0.04,0.0,1,0,1,0,0,0,273000.0,273000.0,1
Jeff Parke,2012,D,SEA,34,33,2928,0,1,0.0,0.04,0,1,0,0,1,0,370650.0,370650.0,1
Jeff Parke,2013,D,PHI,31,31,2744,0,1,0.0,0.03,0,0,0,0,1,0,205000.0,216500.0,1
Jeff Rowland,2008,F,DAL,0,0,0,0,0,0.0,0.0,0,0,0,0,0,0,17700.0,17700.0,0
Jelle Van Damme,2016,D,LA,31,31,2736,0,5,0.0,0.44999999999999996,0,2,0,0,4,1,850000.0,937500.0,5
Jeremy Ebobisse,2017,F,POR,16,2,425,1,3,0.28,0.85,0,1,0,1,1,2,260000.0,346000.0,4
Jeremy Gagnon-Lapare,2014,M,MTL,5,3,270,0,0,0.0,0.0,0,0,0,0,0,0,36504.0,40504.0,0
Jeremy Gagnon-Lapare,2015,M,MTL,2,0,18,0,0,0.0,0.0,0,0,0,0,0,0,120000.0,128000.0,0
Jeremy Gagnon-Lapare,2016,M,MTL,0,0,0,0,0,0.0,0.0,0,0,0,0,0,0,103000.0,103000.0,0
Jeremy Hall,2011,D-M,DAL,21,19,1715,0,3,0.0,0.16,0,0,0,0,1,2,160000.0,258000.0,3
Jeremy Hall,2012,D-M,TOR,23,19,1708,1,0,0.05,0.0,0,0,0,1,0,0,100000.0,149000.0,1
Jeremy Hall,2013,D-M,TOR,31,26,2280,1,1,0.04,0.04,0,0,1,0,1,0,80000.0,90000.0,2
Jeremy Hall,2014,D-M,TOR,3,2,185,0,0,0.0,0.0,0,0,0,0,0,0,105000.0,115000.0,0
Jermain Defoe,2014,F,TOR,19,17,1529,11,2,0.65,0.12,5,0,8,3,0,2,6000000.0,6180000.0,13
Jermaine Jones,2016,M,COL,13,11,1033,3,3,0.37,0.54,1,1,3,0,1,2,1200000.0,1300000.0,6
Jermaine Taylor,2011,D,HOU,15,11,1066,0,1,0.0,0.1,0,0,0,0,0,1,115000.0,125000.0,1
Jermaine Taylor,2012,D,HOU,31,30,2659,1,1,0.04,0.04,1,0,1,0,0,1,120750.0,130750.0,2
Jermaine Taylor,2013,D,HOU,26,26,2142,0,1,0.0,0.04,0,1,0,0,1,0,320000.0,339000.0,1
Jermaine Taylor,2014,D,HOU,24,23,2012,0,0,0.0,0.0,0,0,0,0,0,0,185000.0,194500.0,0
Jermaine Taylor,2015,D,HOU,16,16,1427,0,1,0.0,0.06,0,0,0,0,1,0,203500.0,213000.0,1
Jermaine Taylor,2016,D,POR,23,21,1841,0,3,0.0,0.15,0,1,0,0,1,2,150000.0,150000.0,3
Jerson Monteiro,2007,F,CHI,5,1,154,1,0,0.58,0.0,0,0,0,1,0,0,35400.0,35400.0,1
Jesse Marsch,2007,M,CHV,30,30,2605,2,4,0.07,0.15,2,1,2,0,2,2,200000.0,218750.0,6
Jesse Marsch,2008,M,CHV,27,26,2318,4,0,0.17,0.0,0,0,2,2,0,0,300000.0,318750.0,4
Jesse Marsch,2009,M,CHV,23,21,1853,0,1,0.0,0.05,0,1,0,0,1,0,330000.0,348750.0,1
Jesus Ferreira,2017,F,DAL,1,0,19,1,0,4.74,0.0,0,0,1,0,0,0,53000.0,53000.0,1
Jhon Kennedy Hurtado,2013,D,SEA,30,28,2513,0,0,0.0,0.0,0,0,0,0,0,0,380000.0,380000.0,0
Jim Curtin,2007,D,CHI,11,10,856,0,0,0.0,0.0,0,0,0,0,0,0,241500.0,241500.0,0
Jim Curtin,2008,D,CHV,19,16,1427,1,0,0.07,0.0,0,0,1,0,0,0,208008.0,208008.0,1
Jim Curtin,2009,D,CHV,3,2,164,0,0,0.0,0.0,0,0,0,0,0,0,109204.2,109204.2,0
Jimmy Ockford,2014,D,SEA,0,0,0,0,0,0.0,0.0,0,0,0,0,0,0,73008.0,73008.0,0
Jimmy Ockford,2015,D,SEA,1,1,90,0,0,0.0,0.0,0,0,0,0,0,0,120000.0,120000.0,0
Joao Meira,2016,D-M,CHI,28,26,2284,0,1,0.0,0.04,0,0,0,0,1,0,110000.0,126500.0,1
Joao Meira,2017,D-M,CHI,31,28,2482,0,2,0.0,0.07,0,1,0,0,2,0,300000.0,330000.0,2
Joao Plata,2012,F,TOR,10,7,638,0,0,0.0,0.0,0,0,0,0,0,0,50000.0,50000.0,0
Joao Plata,2013,F,RSL,31,19,1677,4,9,0.22,3.25,2,3,2,2,6,3,120000.0,120000.0,13
Joao Plata,2014,F,RSL,28,26,2165,13,6,0.59,0.27,4,2,8,5,4,2,140000.0,140000.0,19
Joao Plata,2015,F,RSL,19,17,1431,4,4,0.25,0.25,1,1,2,2,2,2,150000.0,150000.0,8
Joao Plata,2016,F,RSL,31,29,2568,10,12,1.33,0.44,1,3,3,7,8,4,350000.0,350000.0,22
Joao Plata,2017,F,RSL,29,27,2318,7,5,0.27,0.19,2,1,3,4,4,1,350000.04,400000.04,12
Joe Tait,2011,D,PHI,0,0,0,0,0,0.0,0.0,0,0,0,0,0,0,84000.0,84000.0,0
Joel Lindpere,2013,M,CHI,25,17,1444,2,8,0.12,0.5,1,1,2,0,3,5,180000.0,205000.0,10
Joevin Jones,2016,D-M,SEA,39,35,3110,2,6,0.07,0.59,0,2,1,1,3,3,140000.0,152333.34,8
Joevin Jones,2017,D-M,SEA,35,33,2845,1,13,0.04,0.8600000000000001,0,2,0,1,9,4,180000.0,192333.34,14
Joey Calistri,2016,M,CHI,14,2,348,1,1,0.26,0.26,0,0,0,1,0,1,51500.0,51500.0,2
Joey Calistri,2017,M,CHI,0,0,0,0,0,0.0,0.0,0,0,0,0,0,0,108150.0,108150.0,0
Johan Kappelhof,2016,D,CHI,33,31,2789,0,0,0.0,0.0,0,0,0,0,0,0,480000.0,520000.0,0
Johan Kappelhof,2017,D,CHI,34,34,2971,0,4,0.0,0.12,0,1,0,0,4,0,1060000.0,1140000.0,4
Johan Venegas,2015,M,MTL,14,9,798,2,0,1.85,0.0,2,0,2,0,0,0,240000.0,265000.0,2
Johan Venegas,2016,M,MTL,25,7,791,1,2,0.13,0.96,0,1,1,0,1,1,400000.0,425000.0,3
John Cunliffe,2007,F,CHV,17,5,543,3,1,0.55,0.18,0,0,0,3,1,0,60000.0,90000.0,4
John DiRaimondo,2007,M,COL,0,0,0,0,0,0.0,0.0,0,0,0,0,0,0,12900.0,12900.0,0
John DiRaimondo,2008,M,COL,11,8,714,1,0,0.13,0.0,0,0,0,1,0,0,17700.0,17700.0,1
John Goossens,2016,M,CHI,24,15,1288,3,4,0.21,0.28,1,0,2,1,2,2,200000.0,200000.0,7
John Goossens,2017,M,CHI,1,1,89,0,0,0.0,0.0,0,0,0,0,0,0,460000.0,466666.66,0
John Neeskens,2014,D,COL,5,3,273,1,0,0.33,0.0,0,0,0,1,0,0,42504.0,42504.0,1
John Stertzer,2013,M,RSL,2,0,33,0,0,0.0,0.0,0,0,0,0,0,0,93000.0,150500.0,0
John Stertzer,2014,M,RSL,9,3,273,0,0,0.0,0.0,0,0,0,0,0,0,73000.0,91750.0,0
John Stertzer,2015,M,RSL,19,9,860,1,0,0.1,0.0,1,0,1,0,0,0,60000.0,69166.67,1
John Stertzer,2016,M,RSL,18,9,777,0,1,0.0,0.12,0,0,0,0,1,0,132000.0,150333.34,1
John Thorrington,2008,M,CHI,26,24,2151,5,1,0.24,0.05,3,1,3,2,0,1,120000.0,123750.0,6
John Thorrington,2009,M,CHI,21,21,1784,1,1,0.43,0.06,1,0,1,0,0,1,126000.0,129750.0,2
John Thorrington,2010,M,CHI,5,5,397,1,0,0.23,0.0,0,0,0,1,0,0,177000.0,189500.0,1
John Thorrington,2011,M,VAN,11,9,740,0,0,0.0,0.0,0,0,0,0,0,0,194700.0,207200.0,0
John Thorrington,2012,M,VAN,20,15,1189,0,1,0.0,0.08,0,0,0,0,1,0,340000.0,340000.0,1
John Valencia,2012,D,CHV,14,14,1219,0,0,0.0,0.0,0,0,0,0,0,0,50000.0,50000.0,0
Johnny Alcaraz,2008,M,HOU,0,0,0,0,0,0.0,0.0,0,0,0,0,0,0,25800.0,25800.0,0
Johnny Leveron,2013,D,VAN,18,18,1620,0,0,0.0,0.0,0,0,0,0,0,0,60000.0,71187.5,0
Johnny Leveron,2014,D,VAN,16,15,1394,0,0,0.0,0.0,0,0,0,0,0,0,80000.0,91187.5,0
Jonas Elmer,2013,D,TOR,3,1,128,0,0,0.0,0.0,0,0,0,0,0,0,124999.92,131488.2,0
Jonathan Campbell,2016,D,CHI,33,30,2823,1,1,0.03,0.03,0,1,1,0,1,0,70000.0,78125.0,2
Jonathan Campbell,2017,D,CHI,24,8,1009,0,0,0.0,0.0,0,0,0,0,0,0,203500.0,219750.0,0
Jonathan Leathers,2011,D,VAN,22,21,1840,0,0,0.0,0.0,0,0,0,0,0,0,42000.0,42000.0,0
Jonathan Mensah,2017,D,CLB,31,30,2649,2,1,0.08,0.04,1,0,2,0,0,1,1500000.0,1688000.0,3
Jonathan Osorio,2013,M,TOR,28,18,1697,5,1,0.27,0.05,0,1,5,0,1,0,46500.0,46500.0,6
Jonathan Osorio,2014,M,TOR,27,24,2039,3,4,0.13,0.18,0,2,1,2,2,2,135000.0,142599.68,7
Jonathan Osorio,2015,M,TOR,30,27,2305,1,7,0.04,0.28,0,2,0,1,7,0,290000.0,305199.36,8
Jonathan Osorio,2016,M,TOR,36,31,2845,4,5,0.51,0.18,3,1,2,2,3,2,333500.0,349141.36,9
Jonathan Osorio,2017,M,TOR,32,12,1365,2,4,0.17,0.34,0,0,2,0,2,2,383525.0,400474.26,6
Jonathan Spector,2017,D,ORL,25,25,2176,1,1,0.04,0.04,0,0,1,0,1,0,549996.0,611933.5,2
Jonathan Top,2011,F,DAL,0,0,0,0,0,0.0,0.0,0,0,0,0,0,0,84000.0,84000.0,0
Jonathan Top,2012,F,DAL,4,1,101,1,1,0.89,0.89,0,0,0,1,0,1,44100.0,44100.0,2
Jonathan Top,2013,F,DAL,0,0,0,0,0,0.0,0.0,0,0,0,0,0,0,46500.0,46500.0,0
Jonathan Top,2014,F,DAL,0,0,0,0,0,0.0,0.0,0,0,0,0,0,0,73000.0,73000.0,0
Jonny Steele,2012,M,RSL,29,11,1183,2,2,0.15,0.15,1,0,1,1,1,1,88000.0,95125.0,4
Jordan Morris,2016,F,SEA,40,38,3357,14,5,0.74,0.31,7,2,7,7,3,2,356000.0,381000.0,19
Jordan Morris,2017,F,SEA,25,22,1834,3,1,0.15,0.05,1,1,1,2,1,0,450000.0,475000.0,4
Jordan Russolillo,2007,D,CHI,2,1,46,0,0,0.0,0.0,0,0,0,0,0,0,25800.0,25800.0,0
Jordan Smith,2015,D,VAN,7,4,376,0,0,0.0,0.0,0,0,0,0,0,0,190000.08,205486.08,0
Jordan Smith,2016,D,VAN,17,15,1267,0,0,0.0,0.0,0,0,0,0,0,0,115000.0,122743.0,0
Jordy Delem,2017,M,SEA,16,10,850,0,1,0.0,0.12,0,0,0,0,0,1,106008.0,106008.0,1
Jorge Perlaza,2011,F,POR,31,26,2152,6,2,0.25,0.08,2,0,6,0,1,1,100000.0,115000.0,8
Jose Cancela,2007,M,COL,11,5,611,1,0,0.15,0.0,0,0,0,1,0,0,156000.0,156000.0,1
Jose Escalante,2017,M,HOU,3,0,24,0,0,0.0,0.0,0,0,0,0,0,0,106008.0,106008.0,0
Jose Guillermo Ortiz,2017,F,DC,16,7,669,1,0,0.13,0.0,0,0,1,0,0,0,129996.0,137621.0,1
Jose Hernandez,2017,M,RSL,7,1,160,1,0,0.56,0.0,0,0,0,1,0,0,53004.0,56379.0,1
Jose Kleberson,2013,M,PHI,11,7,532,1,2,0.17,0.34,1,0,1,0,0,2,495000.0,495000.0,3
Jose Manuel Rivera,2013,F,CHV,9,3,266,0,0,0.0,0.0,0,0,0,0,0,0,116000.0,116000.0,0
Josef Martinez,2017,F,ATL,21,18,1642,19,1,1.12,0.06,3,0,16,3,0,1,1848000.0,2082620.0,20
Joseph Greenspan,2015,D,COL,3,2,185,0,0,0.0,0.0,0,0,0,0,0,0,50000.04,50000.04,0
Joseph Nane,2011,M,COL,11,3,364,0,0,0.0,0.0,0,0,0,0,0,0,84000.0,84000.0,0
Joseph Nane,2012,M,COL,9,6,446,1,0,0.2,0.0,1,0,1,0,0,0,44100.0,44100.0,1
Joseph Ngwenya,2010,F,HOU,12,6,589,1,0,0.15,0.0,0,0,1,0,0,0,72000.0,72000.0,1
Josh Williams,2011,D,CLB,0,0,0,0,0,0.0,0.0,0,0,0,0,0,0,84000.0,84000.0,0
Josh Williams,2012,D,CLB,30,27,2429,1,3,0.04,0.11,0,1,0,1,2,1,44100.0,44100.0,4
Josh Williams,2013,D,CLB,27,25,2284,3,0,0.12,0.0,0,0,1,2,0,0,52313.0,52313.0,3
Josh Williams,2014,D,CLB,15,13,1157,0,1,0.0,0.08,0,1,0,0,0,1,250000.0,250000.0,1
Josh Williams,2017,D,CLB,27,24,2275,3,0,0.15,0.0,2,0,2,1,0,0,220008.0,220008.0,3
Josip Mikulic,2011,D,CHI,14,12,1038,0,0,0.0,0.0,0,0,0,0,0,0,110000.0,116250.0,0
Josue Soto,2011,D-M,HOU,0,0,0,0,0,0.0,0.0,0,0,0,0,0,0,65200.08,76450.08,0
Josue Soto,2012,D-M,HOU,0,0,0,0,0,0.0,0.0,0,0,0,0,0,0,67500.0,77500.0,0
Josue Soto,2013,D-M,CHV,18,12,1158,0,0,0.0,0.0,0,0,0,0,0,0,35125.0,35125.0,0
Jovan Kirovski,2007,M-F,COL,28,28,2161,6,1,0.25,0.04,2,1,4,2,1,0,200000.0,200000.0,7
Jozy Altidore,2015,F,TOR,26,22,1886,13,0,0.65,0.0,5,0,7,6,0,0,9500000.0,9500000.0,13
Jozy Altidore,2016,F,TOR,29,22,2068,15,9,1.38,0.9199999999999999,2,4,8,7,3,6,9650000.0,9650000.0,24
Jozy Altidore,2017,F,TOR,31,29,2479,17,6,1.25,0.25,7,3,10,7,4,2,9750000.0,9750000.0,23
Juan David Cabezas,2017,M,HOU,32,31,2711,1,0,0.04,0.0,0,0,1,0,0,0,486000.0,534000.0,1
Juan Esteban Ortiz,2016,M,DAL,5,2,171,0,0,0.0,0.0,0,0,0,0,0,0,320000.0,409000.0,0
Juan Luis Anangono,2013,F,CHI,13,9,839,2,1,0.21,0.11,0,1,1,1,0,1,120000.0,120000.0,3
Juan Luis Anangono,2014,F,CHI,15,4,472,2,0,0.38,0.0,0,0,2,0,0,0,175000.0,175000.0,2
Juan Pablo Angel,2011,F,CHV,31,26,2314,10,1,0.39,0.04,1,0,5,5,1,0,1000000.0,1250000.0,11
Juan Pablo Angel,2012,F,CHV,19,9,1004,4,0,0.36,0.0,1,0,2,2,0,0,350000.0,600000.0,4
Julian Buescher,2016,M,DC,21,3,609,1,4,0.15,0.62,0,0,1,0,1,3,140000.0,159400.0,5
Julian Buescher,2017,M,DC,7,2,180,0,0,0.0,0.0,0,0,0,0,0,0,80000.0,94700.0,0
Julian de Guzman,2012,M,DAL,28,21,1957,1,5,0.05,0.23,1,1,1,0,2,3,1863996.0,1910746.0,6
Julien Baudet,2009,D,COL,10,9,786,1,0,0.11,0.0,1,0,1,0,0,0,156000.0,169750.0,1
Julien Baudet,2010,D,COL,22,14,1242,0,0,0.0,0.0,0,0,0,0,0,0,336000.0,363500.0,0
Julio Baptista,2016,F,ORL,23,5,729,6,3,0.74,0.37,0,1,2,4,1,2,90000.0,90000.0,9
Julio Morales,2013,F,CHV,17,9,768,2,0,0.23,0.0,0,0,1,1,0,0,35125.0,35125.0,2
Julius James,2011,D,CLB,32,32,2880,1,0,0.03,0.0,1,0,1,0,0,0,125588.0,144338.0,1
Julius James,2012,D,CLB,12,7,714,0,0,0.0,0.0,0,0,0,0,0,0,100000.0,100000.0,0
Jun Marques Davidson,2012,M,VAN,24,24,2115,0,0,0.0,0.0,0,0,0,0,0,0,135000.0,142273.34,0
Jun Marques Davidson,2013,M,VAN,26,24,1961,0,1,0.0,0.05,0,1,0,0,0,1,74250.0,78019.66,1
Justen Glad,2014,D,RSL,0,0,0,0,0,0.0,0.0,0,0,0,0,0,0,73000.0,95000.0,0
Justen Glad,2015,D,RSL,7,6,551,0,0,0.0,0.0,0,0,0,0,0,0,60000.0,71000.0,0
Justen Glad,2016,D,RSL,29,28,2514,2,1,0.07,0.04,0,0,0,2,1,0,200000.0,222000.0,3
Justen Glad,2017,D,RSL,18,18,1620,0,0,0.0,0.0,0,0,0,0,0,0,225000.0,246700.0,0
Justin Braun,2008,F,CHV,26,13,1339,5,2,1.05,0.15,1,0,3,2,1,1,25800.0,25800.0,7
Justin Braun,2009,F,CHV,17,16,1391,3,2,0.22,0.15,2,1,2,1,2,0,40200.0,40200.0,5
Justin Braun,2010,F,CHV,28,24,2118,9,3,0.38,0.13,3,1,5,4,0,3,65000.0,67500.0,12
Justin Braun,2011,F,CHV,29,22,2055,8,5,0.35,0.22,2,3,4,4,2,3,85000.0,87500.0,13
Justin Braun,2013,F,TOR,21,8,779,2,2,0.23,0.23,0,0,1,1,2,0,112200.0,114700.0,4
Justin Mapp,2007,M,CHI,14,10,821,0,1,0.0,0.11,0,1,0,0,1,0,260000.0,272000.0,1
Justin Mapp,2008,M,CHI,33,29,2486,2,10,0.08,1.02,1,3,0,2,8,2,330000.0,400000.0,12
Justin Mapp,2009,M,CHI,23,11,1027,1,3,0.09,0.27,0,1,0,1,2,1,440000.0,510000.0,4
Justin Mapp,2011,M,PHI,31,25,1953,3,5,0.15,1.17,0,1,0,3,3,2,350000.0,366666.66,8
Justin Mapp,2012,M,MTL,27,21,1641,2,5,0.11,0.27,1,2,1,1,4,1,210000.0,218333.33,7
Justin Mapp,2013,M,MTL,28,26,2227,2,8,0.08,0.34,0,2,0,2,7,1,250000.0,275000.0,10
Justin Mapp,2014,M,MTL,23,20,1726,0,8,0.0,0.42,0,0,0,0,4,4,162250.0,174750.0,8
Justin Mapp,2015,M,MTL,5,3,264,0,0,0.0,0.0,0,0,0,0,0,0,373450.0,398450.0,0
Justin Morrow,2014,D,TOR,31,30,2676,0,3,0.0,0.1,0,0,0,0,0,3,160000.0,169562.5,3
Justin Morrow,2015,D,TOR,33,32,2846,2,2,0.07,0.07,0,1,2,0,1,1,340000.0,359125.0,4
Justin Morrow,2016,D,TOR,37,37,3253,5,5,0.17,0.29000000000000004,1,1,3,2,2,3,400000.0,433333.34,10
Justin Morrow,2017,D,TOR,33,33,2923,8,1,0.29,0.04,0,1,7,1,1,0,420000.0,453333.34,9
Justin Schmidt,2017,D,RSL,9,7,676,0,0,0.0,0.0,0,0,0,0,0,0,53004.0,53004.0,0
Kai Kasiguran,2008,M,CHI,0,0,0,0,0,0.0,0.0,0,0,0,0,0,0,25800.0,25800.0,0
Kalif Alhassan,2011,M,POR,32,27,2337,0,6,0.0,0.23,0,3,0,0,6,0,60000.0,69250.0,6
Kalif Alhassan,2012,M,POR,16,10,827,1,2,0.11,0.22,0,1,1,0,2,0,70000.0,79250.0,3
Kalif Alhassan,2013,M,POR,34,15,1465,3,4,0.2,0.8400000000000001,2,2,3,0,3,1,160000.0,178500.0,7
Kalif Alhassan,2014,M,POR,15,5,590,1,1,0.15,0.15,0,0,1,0,1,0,120000.0,120000.0,2
Kamani Hill,2012,F,COL,19,3,582,5,2,0.77,0.31,1,0,4,1,1,1,44004.0,44004.0,7
Kamani Hill,2013,F,COL,6,2,188,0,0,0.0,0.0,0,0,0,0,0,0,93000.0,93000.0,0
Kamani Hill,2014,F,COL,15,11,866,2,0,0.21,0.0,1,0,2,0,0,0,48825.0,48825.0,2
Karl Ouimette,2012,D,MTL,2,0,66,0,0,0.0,0.0,0,0,0,0,0,0,33750.0,33750.0,0
Karl Ouimette,2013,D,MTL,7,6,547,1,0,0.16,0.0,1,0,1,0,0,0,93000.0,93000.0,1
Karl Ouimette,2014,D,MTL,11,9,834,0,0,0.0,0.0,0,0,0,0,0,0,48825.0,48825.0,0
Keith Makubuya,2012,F,TOR,1,0,10,0,0,0.0,0.0,0,0,0,0,0,0,44000.0,44000.0,0
Keith Savage,2008,M,CHV,6,3,295,0,1,0.0,0.31,0,0,0,0,0,1,25800.0,25800.0,1
Kellen Gulley,2012,F,CHI,0,0,0,0,0,0.0,0.0,0,0,0,0,0,0,110000.0,138000.0,0
Kellen Gulley,2013,F,CHI,0,0,0,0,0,0.0,0.0,0,0,0,0,0,0,65000.0,79000.0,0
Kelyn Rowe,2012,M,NE,30,21,1897,3,5,0.14,0.24,1,1,1,2,3,2,75000.0,156000.0,8
Kelyn Rowe,2013,M,NE,35,28,2733,8,9,0.69,0.72,1,2,6,2,6,3,180000.0,342000.0,17
Kelyn Rowe,2014,M,NE,32,25,2312,5,6,0.23,0.49,0,2,2,3,4,2,200000.0,362000.0,11
Kelyn Rowe,2015,M,NE,34,22,2014,7,6,0.33,0.28,2,1,3,4,3,3,280000.0,442000.0,13
Kelyn Rowe,2016,M,NE,33,32,2787,5,7,0.16,0.23,2,1,1,4,3,4,160000.0,241000.0,12
Kelyn Rowe,2017,M,NE,23,21,1897,1,7,0.05,0.33,1,2,0,1,5,2,165000.0,230000.0,8
Kennedy Igboananike,2015,F,CHI,31,20,1796,7,3,0.35,0.15,1,1,4,3,1,2,800000.0,901666.67,10
Kennedy Igboananike,2016,F,CHI,25,20,1754,5,1,0.26,0.05,1,0,3,2,1,0,1600000.0,1803333.34,6
Kenneth Hoerner,2007,M-F,HOU,0,0,0,0,0,0.0,0.0,0,0,0,0,0,0,25800.0,25800.0,0
Kenny Cooper,2007,F,DAL,16,14,1271,4,3,0.34,0.61,1,0,0,4,1,2,160000.0,166000.0,7
Kenny Cooper,2008,F,DAL,30,30,2622,18,3,0.62,0.1,4,0,10,8,3,0,80000.0,83000.0,21
Kenny Cooper,2011,F,POR,34,29,2562,8,2,0.28,0.07,2,0,4,4,1,1,250000.0,267500.0,10
Kenny Cooper,2013,F,DAL,31,19,1741,6,1,0.31,0.05,1,0,4,2,0,1,325000.0,342500.0,7
Kenny Cooper,2014,F,SEA,23,12,1014,3,4,0.27,0.36,1,1,2,1,1,3,400000.0,531250.0,7
Kenny Cooper,2015,F,MTL,1,0,4,0,0,0.0,0.0,0,0,0,0,0,0,440000.0,571250.0,0
Kenny Cutler,2007,M,RSL,2,0,32,0,0,0.0,0.0,0,0,0,0,0,0,30000.0,30000.0,0
Kenny Cutler,2008,M,RSL,11,5,454,0,0,0.0,0.0,0,0,0,0,0,0,72000.0,72000.0,0
Kenny Deuchar,2008,F,RSL,30,18,1558,3,2,0.17,0.12,0,0,1,2,1,1,270000.0,290000.0,5
Kenny Miller,2012,F,VAN,14,8,747,2,1,0.25,0.13,0,1,1,1,1,0,2443632.0,2478632.0,3
Kenny Miller,2013,F,VAN,21,19,1643,8,1,0.44,0.05,5,0,5,3,0,1,1114992.0,1124992.0,9
Kenwyne Jones,2017,F,ATL,17,5,499,2,0,0.36,0.0,0,0,1,1,0,0,780000.0,826666.66,2
Keon Daniel,2011,M,PHI,18,9,888,1,2,0.1,0.2,0,1,1,0,0,2,84000.0,92820.0,3
Keon Daniel,2012,M,PHI,22,17,1517,1,1,0.06,0.06,0,1,0,1,1,0,55000.0,59410.0,2
Keon Daniel,2013,M,PHI,24,20,1721,0,1,0.0,0.05,0,0,0,0,1,0,80004.0,82891.5,1
Kevan George,2012,M,CLB,7,4,427,0,0,0.0,0.0,0,0,0,0,0,0,33750.0,33750.0,0
Kevan George,2013,M,CLB,11,3,435,0,0,0.0,0.0,0,0,0,0,0,0,46500.0,46500.0,0
Kevan George,2014,M,CLB,4,2,204,0,0,0.0,0.0,0,0,0,0,0,0,97650.0,97650.0,0
Kevan George,2015,M,CLB,8,2,287,0,1,0.0,0.32,0,0,0,0,1,0,120000.0,120000.0,1
Kevin Alston,2016,D,ORL,24,21,1989,0,0,0.0,0.0,0,0,0,0,0,0,130000.0,130000.0,0
Kevin Alston,2017,D,ORL,0,0,0,0,0,0.0,0.0,0,0,0,0,0,0,135000.0,135000.0,0
Kevin Burns,2008,M,CLB,0,0,0,0,0,0.0,0.0,0,0,0,0,0,0,25800.0,25800.0,0
Kevin Burns,2009,M,CLB,8,4,359,0,0,0.0,0.0,0,0,0,0,0,0,40200.0,40200.0,0
Kevin Burns,2010,M,CLB,11,4,478,0,0,0.0,0.0,0,0,0,0,0,0,80000.0,80000.0,0
Kevin Burns,2011,M,CLB,19,15,1243,0,1,0.0,0.07,0,1,0,0,1,0,84000.0,84000.0,1
Kevin Doyle,2015,F,COL,20,16,1489,5,2,0.3,0.12,4,2,4,1,0,2,1125000.0,1170000.0,7
Kevin Doyle,2016,F,COL,30,28,2548,7,2,0.49,0.08,1,1,4,3,1,1,2150000.0,2240000.0,9
Kevin Doyle,2017,F,COL,25,23,1966,5,4,0.23,0.18,0,1,4,1,3,1,1000000.0,1045000.0,9
Kevin Garcia,2017,D,HOU,3,2,211,0,0,0.0,0.0,0,0,0,0,0,0,131266.8,131266.8,0
Kevin Goldthwaite,2011,D,POR,4,3,190,1,0,0.47,0.0,0,0,1,0,0,0,110000.0,126666.67,1
Kevin Harmse,2009,M,CHV,12,8,805,0,0,0.0,0.0,0,0,0,0,0,0,158400.0,158400.0,0
Kevin Kratz,2017,M,ATL,20,5,590,1,1,0.15,0.15,0,0,1,0,1,0,300000.0,328500.0,2
Kevin Reiman,2008,M,RSL,0,0,0,0,0,0.0,0.0,0,0,0,0,0,0,25800.0,25800.0,0
Khaly Thiam,2016,M,CHI,20,15,1285,1,0,0.07,0.0,0,0,0,1,0,0,144000.0,144000.0,1
Khari Stephenson,2013,M,RSL,20,9,822,1,1,0.11,0.11,0,0,1,0,0,1,155000.0,163916.66,2
Kingsley Bryce,2015,F,CHI,0,0,0,0,0,0.0,0.0,0,0,0,0,0,0,50000.0,50000.0,0
Kip Colvey,2017,M,SJ,0,0,0,0,0,0.0,0.0,0,0,0,0,0,0,108150.0,108150.0,0
Kofi Opare,2016,D,DC,10,10,874,0,0,0.0,0.0,0,0,0,0,0,0,180000.0,210000.0,0
Kofi Opare,2017,D,DC,26,25,2214,2,1,0.08,0.04,0,1,2,0,1,0,105000.0,120000.0,3
Kofi Sarkodie,2011,D,HOU,7,7,582,0,0,0.0,0.0,0,0,0,0,0,0,130000.0,221000.0,0
Kofi Sarkodie,2012,D,HOU,16,13,1222,1,1,0.17,0.13,0,0,1,0,0,1,180000.0,271000.0,2
Kofi Sarkodie,2013,D,HOU,38,38,3428,0,5,0.0,0.31,0,2,0,0,2,3,200000.0,291000.0,5
Kofi Sarkodie,2014,D,HOU,32,32,2872,0,4,0.0,0.13,0,2,0,0,3,1,150000.0,195500.0,4
Kofi Sarkodie,2015,D,HOU,16,15,1304,0,1,0.0,0.07,0,1,0,0,1,0,190000.0,235500.0,1
Kofi Sarkodie,2017,D,SJ,19,17,1399,0,1,0.0,0.07,0,1,0,0,1,0,270000.0,280000.0,1
Konrad Warzycha,2013,M,CLB,13,2,272,0,0,0.0,0.0,0,0,0,0,0,0,46500.0,46500.0,0
Korey Veeder,2011,D,CLB,0,0,0,0,0,0.0,0.0,0,0,0,0,0,0,65200.0,68950.0,0
Kortne Ford,2017,D,COL,20,19,1727,1,0,0.05,0.0,1,0,1,0,0,0,69996.0,76996.0,1
Kory Kindle,2013,D,COL,0,0,0,0,0,0.0,0.0,0,0,0,0,0,0,70250.0,70250.0,0
Kosuke Kimura,2007,D,COL,4,4,360,0,0,0.0,0.0,0,0,0,0,0,0,12900.0,12900.0,0
Kosuke Kimura,2008,D,COL,18,17,1438,0,0,0.0,0.0,0,0,0,0,0,0,17700.0,17700.0,0
Kosuke Kimura,2009,D,COL,26,21,1932,2,2,0.09,0.09,1,0,2,0,1,1,52500.0,52500.0,4
Kosuke Kimura,2010,D,COL,27,25,2312,1,3,0.24,0.14,1,0,1,0,2,1,115500.0,115500.0,4
Kosuke Kimura,2011,D,COL,36,36,3122,1,2,0.03,0.74,0,1,1,0,2,0,127050.0,127050.0,3
Kraig Chiles,2008,M,CHV,5,2,195,0,1,0.0,0.46,0,0,0,0,0,1,25800.0,25800.0,1
Kris Boyd,2012,F,POR,26,22,1893,7,1,0.33,0.05,1,0,6,1,1,0,1250000.0,1515000.0,8
Kristinn Steindorsson,2015,M,CLB,21,4,621,0,0,0.0,0.0,0,0,0,0,0,0,210000.0,238875.0,0
Kristopher Tyrpak,2014,F,CHV,9,0,156,1,1,0.58,0.58,0,0,1,0,0,1,36504.0,36504.0,2
Krzysztof Krol,2014,D,MTL,12,11,961,0,1,0.0,0.09,0,0,0,0,0,1,153000.0,153000.0,1
Kwame Sarkodie,2008,M,COL,0,0,0,0,0,0.0,0.0,0,0,0,0,0,0,12900.0,12900.0,0
Kwame Watson-Siriboe,2010,D,CHI,10,7,681,0,0,0.0,0.0,0,0,0,0,0,0,40000.0,40000.0,0
Kwame Watson-Siriboe,2011,D,CHI,0,0,0,0,0,0.0,0.0,0,0,0,0,0,0,44000.0,44000.0,0
Kwame Watson-Siriboe,2013,D,RSL,7,7,630,0,0,0.0,0.0,0,0,0,0,0,0,106480.0,106480.0,0
Kyle Beckerman,2007,M,RSL,28,27,2430,3,3,0.11,0.11,0,2,0,3,2,1,120000.0,122500.0,6
Kyle Beckerman,2008,M,RSL,33,33,2953,3,2,0.1,0.07,2,1,3,0,0,2,286000.0,291000.0,5
Kyle Beckerman,2009,M,RSL,29,29,2638,3,3,0.12,0.29,0,2,2,1,2,1,321300.0,326300.0,6
Kyle Beckerman,2010,M,RSL,24,23,2010,2,3,0.1,0.15,1,1,1,1,2,1,500000.0,500000.0,5
Kyle Beckerman,2011,M,RSL,32,30,2693,3,9,0.11,0.33,1,6,2,1,9,0,439992.0,462492.0,12
Kyle Beckerman,2012,M,RSL,32,31,2772,4,4,0.14,0.14,1,3,2,2,2,2,600000.0,622500.0,8
Kyle Beckerman,2013,M,RSL,31,31,2791,4,7,0.16,0.42,2,2,3,1,3,4,600000.0,657500.0,11
Kyle Beckerman,2014,M,RSL,30,30,2700,3,3,0.11,0.11,0,1,1,2,2,1,700000.0,757500.0,6
Kyle Beckerman,2015,M,RSL,26,26,2335,1,2,0.04,0.08,0,1,0,1,2,0,625000.0,700000.0,3
Kyle Beckerman,2016,M,RSL,28,28,2457,0,1,0.0,0.04,0,0,0,0,0,1,1350000.0,1500000.0,1
Kyle Beckerman,2017,M,RSL,26,26,2242,4,0,0.16,0.0,0,0,0,4,0,0,750000.0,825000.0,4
Kyle Bekker,2013,M,TOR,9,3,335,0,0,0.0,0.0,0,0,0,0,0,0,46500.0,72750.0,0
Kyle Bekker,2014,M,TOR,20,13,1117,0,0,0.0,0.0,0,0,0,0,0,0,51150.0,77400.0,0
Kyle Bekker,2016,M,MTL,18,13,1139,1,0,0.08,0.0,0,0,1,0,0,0,135883.0,188383.0,1
Kyle Brown,2007,F,RSL,8,3,286,2,0,0.63,0.0,1,0,1,1,0,0,17700.0,17700.0,2
Kyle Brown,2008,F,HOU,4,1,123,0,0,0.0,0.0,0,0,0,0,0,0,66000.0,66000.0,0
Kyle Davies,2009,D,DAL,11,10,795,0,0,0.0,0.0,0,0,0,0,0,0,50004.0,50004.0,0
Kyle Davies,2010,D,DAL,3,2,166,0,0,0.0,0.0,0,0,0,0,0,0,115000.0,115000.0,0
Kyle Fisher,2016,D,MTL,2,2,180,0,0,0.0,0.0,0,0,0,0,0,0,130000.0,146750.0,0
Kyle Fisher,2017,D,MTL,20,15,1455,1,0,0.06,0.0,1,0,1,0,0,0,53004.0,53004.0,1
Kyle Greig,2017,F,VAN,1,0,2,0,0,0.0,0.0,0,0,0,0,0,0,130008.0,133698.0,0
Kyle Hyland,2013,D-M,CLB,0,0,0,0,0,0.0,0.0,0,0,0,0,0,0,35125.0,35125.0,0
Kyle Nakazawa,2010,M,PHI,14,8,798,0,0,0.0,0.0,0,0,0,0,0,0,40000.0,40000.0,0
Kyle Nakazawa,2011,M,PHI,22,14,1208,1,3,0.07,0.22,1,0,0,1,1,2,88000.0,88000.0,4
Lamar Neagle,2009,M,SEA,0,0,0,0,0,0.0,0.0,0,0,0,0,0,0,30600.0,30600.0,0
Lamar Neagle,2011,M,SEA,25,10,1144,6,2,1.11,0.18,2,1,4,2,1,1,65208.0,65208.0,8
Lamar Neagle,2012,M,MTL,23,11,1086,2,2,0.17,0.17,1,0,2,0,1,1,44000.0,44000.0,4
Lamar Neagle,2013,M,SEA,32,29,2586,8,4,0.3,0.15,4,2,8,0,3,1,96800.0,96800.0,12
Lamar Neagle,2014,M,SEA,35,29,2423,9,9,0.36,0.36,2,0,4,5,5,4,220000.0,220000.0,18
Lamar Neagle,2015,M,SEA,31,23,2028,4,2,0.18,0.09,2,1,1,3,2,0,330000.0,335666.66,6
Lamar Neagle,2016,M,DC,32,21,1980,10,6,3.42,0.28,3,0,4,6,4,2,370000.0,375666.66,16
Lamar Neagle,2017,M,DC,33,9,1228,3,0,0.22,0.0,1,0,2,1,0,0,400000.0,405666.66,3
Laurent Merlin,2007,F,CHV,23,8,874,1,2,0.11,0.22,0,0,1,0,0,2,120000.0,120000.0,3
Lawrence Olum,2017,D,POR,32,24,2283,1,0,0.04,0.0,0,0,1,0,0,0,285000.0,315000.0,1
Lawson Vaughn,2007,D,CHV,25,23,1991,1,2,0.05,0.09,0,2,1,0,2,0,60000.0,60000.0,3
Lawson Vaughn,2008,D,CHV,7,7,436,0,0,0.0,0.0,0,0,0,0,0,0,66000.0,66000.0,0
Leandre Griffit,2010,M,CLB,3,0,43,1,0,2.09,0.0,0,0,1,0,0,0,80016.0,80016.0,1
Leandro Barrera,2014,M,CHV,32,24,2071,1,2,0.04,0.09,0,0,0,1,1,1,50000.0,50000.0,3
Lee Young-Pyo,2012,D,VAN,34,34,3060,1,4,0.03,0.12,1,1,0,1,4,0,280000.0,348400.0,5
Lee Young-Pyo,2013,D,VAN,32,30,2747,0,6,0.0,0.2,0,2,0,0,2,4,196900.0,231100.0,6
Leo Fernandes,2013,M,PHI,7,3,281,0,0,0.0,0.0,0,0,0,0,0,0,35125.0,35125.0,0
Leo Fernandes,2014,M,PHI,13,7,697,2,1,0.26,0.13,0,1,0,2,1,0,48500.0,48500.0,3
Leo Fernandes,2015,M,PHI,0,0,0,0,0,0.0,0.0,0,0,0,0,0,0,60000.0,60000.0,0
Leo Fernandes,2016,M,PHI,12,2,256,0,1,0.0,0.35,0,0,0,0,1,0,126000.0,126000.0,1
Leonel Miranda,2015,M,HOU,20,11,1015,2,1,0.18,0.09,0,0,2,0,0,1,60000.0,60000.0,3
Leonel Miranda,2016,M,HOU,12,3,484,1,1,0.19,0.19,0,0,0,1,1,0,62500.0,62500.0,2
Levi Houapeu,2011,F,PHI,0,0,0,0,0,0.0,0.0,0,0,0,0,0,0,65208.0,65208.0,0
Lewis Neal,2015,M,ORL,21,18,1509,0,1,0.0,0.06,0,0,0,0,1,0,112500.0,119103.28,1
Liam Ridgewell,2014,D,POR,15,15,1350,2,1,0.13,0.07,0,1,1,1,0,1,1200000.0,1200000.0,3
Liam Ridgewell,2015,D,POR,37,37,3319,1,1,0.2,0.03,0,0,1,0,1,0,2000000.0,2300000.0,2
Liam Ridgewell,2016,D,POR,22,22,1980,1,0,0.05,0.0,1,0,1,0,0,0,1100000.0,1250000.0,1
Liam Ridgewell,2017,D,POR,17,17,1450,3,0,0.21,0.0,0,0,3,0,0,0,1230000.0,1230000.0,3
Lindo Mfeka,2017,M,SJ,1,0,1,0,0,0.0,0.0,0,0,0,0,0,0,106008.0,106008.0,0
Lloyd Sam,2017,M-F,DC,30,23,2025,2,6,0.09,0.27,0,1,1,1,4,2,240000.0,250000.0,8
Logan Emory,2012,D,TOR,23,19,1621,0,0,0.0,0.0,0,0,0,0,0,0,44000.0,44000.0,0
Logan Pause,2007,M,CHI,26,24,2173,1,0,0.05,0.0,1,0,1,0,0,0,138600.0,138600.0,1
Logan Pause,2008,M,CHI,30,30,2700,0,0,0.0,0.0,0,0,0,0,0,0,163460.0,168460.0,0
Logan Pause,2009,M,CHI,29,29,2587,0,3,0.0,0.12,0,1,0,0,0,3,290000.0,306250.0,3
Logan Pause,2010,M,CHI,26,26,2258,1,3,0.04,0.12,0,0,0,1,1,2,160000.0,168125.0,4
Logan Pause,2011,M,CHI,29,28,2514,0,0,0.0,0.0,0,0,0,0,0,0,176000.0,184125.0,0
Logan Pause,2012,M,CHI,33,32,2469,1,0,0.04,0.0,0,0,1,0,0,0,340000.0,375666.66,1
Logan Pause,2013,M,CHI,15,11,904,0,0,0.0,0.0,0,0,0,0,0,0,180000.0,197833.33,0
Logan Pause,2014,M,CHI,12,6,654,0,0,0.0,0.0,0,0,0,0,0,0,75000.0,75000.0,0
London Woodberry,2013,D,DAL,8,3,363,0,0,0.0,0.0,0,0,0,0,0,0,46500.0,46500.0,0
London Woodberry,2016,D,NE,25,23,2068,1,0,0.04,0.0,0,0,0,1,0,0,63000.0,63000.0,1
London Woodberry,2017,D,NE,3,2,165,0,0,0.0,0.0,0,0,0,0,0,0,69300.0,69300.0,0
Long Tan,2011,F,VAN,13,4,437,1,2,0.21,0.41,1,1,1,0,1,1,32600.04,32600.04,3
Louis Beland-Goyette,2014,M,MTL,1,0,15,0,0,0.0,0.0,0,0,0,0,0,0,36504.0,36504.0,0
Lovel Palmer,2010,D,HOU,26,24,2049,2,1,0.09,0.04,0,0,2,0,0,1,60000.0,71250.0,3
Lovel Palmer,2012,D,POR,19,15,1331,0,0,0.0,0.0,0,0,0,0,0,0,85000.0,96250.0,0
Lovel Palmer,2013,D,RSL,20,15,1362,0,1,0.0,0.08,0,1,0,0,0,1,134000.0,143000.0,1
Lovel Palmer,2014,D,CHI,30,29,2625,1,1,0.03,0.03,0,0,1,0,0,1,82500.0,87000.0,2
Lovel Palmer,2015,D,CHI,22,20,1797,0,1,0.0,0.05,0,1,0,0,1,0,118000.0,125500.0,1
Lucas Melano,2015,F,POR,19,12,1030,2,4,0.42,0.6699999999999999,0,2,1,1,2,2,1599984.0,1599984.0,6
Lucas Melano,2016,F,POR,31,27,2268,3,5,0.12,0.2,1,0,2,1,4,1,760000.0,760000.0,8
Lucas Ontivero,2016,M,MTL,21,12,980,2,2,0.18,0.18,0,1,2,0,1,1,760000.0,880000.0,4
Lucas Pittinari,2015,M,COL,29,25,2241,1,3,0.04,0.12,1,1,1,0,3,0,190000.0,210000.0,4
Luciano Acosta,2016,M-F,DC,32,26,2174,3,11,0.13,0.47,0,3,3,0,8,3,654545.52,858545.52,14
Luciano Acosta,2017,M-F,DC,31,30,2419,5,5,0.19,0.19,4,1,4,1,2,3,500000.0,602000.0,10
Luis Bolanos,2014,F,CHV,3,0,51,0,0,0.0,0.0,0,0,0,0,0,0,48504.0,48504.0,0
Luis Gil,2010,M,RSL,0,0,0,0,0,0.0,0.0,0,0,0,0,0,0,171000.0,361166.66,0
Luis Gil,2011,M,RSL,28,14,1310,2,0,0.14,0.0,0,0,1,1,0,0,180500.0,370666.66,2
Luis Gil,2012,M,RSL,30,19,1615,1,3,0.06,0.17,0,2,1,0,2,1,203062.0,393228.66,4
Luis Gil,2013,M,RSL,35,29,2537,5,3,0.22,0.13,2,0,5,0,1,2,237500.0,427666.66,8
Luis Gil,2014,M,RSL,28,17,1511,2,2,0.13,0.13,0,1,1,1,1,1,440000.0,630166.66,4
Luis Gil,2015,M,RSL,24,16,1475,1,1,0.06,0.06,0,0,0,1,0,1,240000.0,335083.33,2
Luis Silva,2012,F,TOR,30,22,2061,5,5,0.22,0.22,1,1,2,3,4,1,44000.0,79000.0,10
Luis Silva,2017,F,RSL,30,20,1775,7,3,0.35,0.15,3,0,5,2,2,1,200004.0,208670.67,10
Luis Solignac,2015,F,COL,15,14,1232,0,2,0.0,0.15,0,0,0,0,2,0,65004.0,65004.0,2
Luis Solignac,2017,F,CHI,34,27,2243,7,4,0.29,0.17,3,2,4,3,1,3,549999.84,656624.84,11
Luis Zapata,2012,D,COL,27,26,2336,0,1,0.0,0.04,0,0,0,0,0,1,65460.0,69043.33,1
Luiz Camargo,2011,M,HOU,11,10,875,0,3,0.0,0.6,0,1,0,0,1,2,336000.0,356000.0,3
Luiz Camargo,2012,M,HOU,29,17,1545,1,2,0.06,0.81,0,0,0,1,2,0,384000.0,404000.0,3
Luke Boden,2015,D,ORL,25,24,2238,1,4,0.04,0.16,0,1,0,1,4,0,75000.0,75000.0,5
Luke Boden,2016,D,ORL,20,19,1613,0,3,0.0,0.17,0,0,0,0,2,1,82500.0,82500.0,3
Luke Moore,2015,F,TOR,15,6,625,1,3,0.14,0.43,0,2,1,0,2,1,430000.0,471000.0,4
Luke Mulholland,2014,M,RSL,33,26,2132,6,7,0.27,0.32,1,2,3,3,5,2,110000.0,112500.0,13
Luke Mulholland,2015,M,RSL,29,27,2329,3,2,0.12,0.08,2,0,1,2,1,1,82500.0,83750.0,5
Luke Mulholland,2016,M,RSL,34,23,2050,4,2,0.18,0.09,1,0,1,3,0,2,187000.0,189500.0,6
Luke Mulholland,2017,M,RSL,27,22,1949,3,4,0.14,0.18,0,0,2,1,2,2,172500.0,172500.0,7
Macoumba Kandji,2011,F,COL,12,1,225,0,0,0.0,0.0,0,0,0,0,0,0,240000.0,295976.74,0
Macoumba Kandji,2012,F,HOU,34,23,1910,4,2,0.22,0.11,1,0,3,1,2,0,270000.0,325976.74,6
Maicon Santos,2009,F,CHV,12,10,831,2,1,0.6900000000000001,0.13,1,0,2,0,1,0,168000.0,168000.0,3
Maicon Santos,2011,F,DAL,31,24,1991,8,2,0.36,0.09,1,0,4,4,0,2,252000.0,252000.0,10
Mamadou Danso,2013,D,POR,20,19,1720,1,1,0.25,0.07,1,0,1,0,0,1,166000.0,166000.0,2
Mamadou Danso,2014,D,MTL,13,12,1097,1,1,0.08,0.08,0,0,1,0,0,1,87500.0,87500.0,2
Mamadou Diouf,2014,F,VAN,0,0,0,0,0,0.0,0.0,0,0,0,0,0,0,48500.0,61000.0,0
Marc Burch,2012,D,SEA,31,21,2004,0,3,0.0,0.15,0,1,0,0,2,1,130000.0,130000.0,3
Marc Burch,2013,D,SEA,23,14,1299,0,4,0.0,0.31,0,1,0,0,2,2,150000.0,150000.0,4
Marc Burch,2014,D,COL,22,21,1899,1,3,0.05,0.14,0,1,1,0,2,1,85000.0,85000.0,4
Marc Burch,2015,D,COL,8,8,720,0,0,0.0,0.0,0,0,0,0,0,0,110000.0,110000.0,0
Marc Burch,2016,D,COL,32,31,2833,0,3,0.0,0.11,0,2,0,0,2,1,240000.0,240000.0,3
Marc Pelosi,2017,M,SJ,0,0,0,0,0,0.0,0.0,0,0,0,0,0,0,130008.0,150008.0,0
Marcel de Jong,2017,D-M,VAN,16,12,1040,0,1,0.0,0.12,0,1,0,0,1,0,280000.0,280000.0,1
Marcelo Saragosa,2007,M,DAL,13,10,800,0,2,0.0,0.23,0,1,0,0,1,1,134016.0,143766.0,2
Marcelo Saragosa,2008,M,DAL,25,23,1809,1,2,0.05,0.1,0,0,0,1,2,0,70350.0,74635.71,3
Marcelo Saragosa,2009,M,CHV,18,16,1362,0,1,0.0,0.07,0,0,0,0,1,0,240000.0,248571.42,1
Marcelo Saragosa,2010,M,CHV,14,9,823,0,1,0.0,0.11,0,0,0,0,1,0,130000.0,134285.71,1
Marcelo Sarvas,2015,M,COL,25,21,1869,2,1,0.1,0.05,0,0,1,1,0,1,360000.0,425000.0,3
Marcelo Sarvas,2016,M,DC,29,26,2292,1,2,0.04,0.08,0,1,1,0,2,0,720000.0,850000.0,3
Marcelo Sarvas,2017,M,DC,25,19,1841,0,1,0.0,0.05,0,0,0,0,1,0,360000.0,425000.0,1
Marco Bustos,2015,M,VAN,1,0,29,0,0,0.0,0.0,0,0,0,0,0,0,100000.0,109700.0,0
Marco Bustos,2016,M,VAN,3,1,63,0,0,0.0,0.0,0,0,0,0,0,0,62500.0,67350.0,0
Marco Bustos,2017,M,VAN,0,0,0,0,0,0.0,0.0,0,0,0,0,0,0,131250.0,140950.0,0
Marco Di Vaio,2012,F,MTL,17,16,1366,5,3,0.33,0.2,1,0,3,2,2,1,1000008.0,1937508.0,8
Marco Di Vaio,2013,F,MTL,34,32,2835,20,2,0.66,0.07,5,1,15,5,2,0,2000016.0,3875016.0,22
Marco Di Vaio,2014,F,MTL,26,17,1739,9,4,0.47,0.21,1,1,7,2,3,1,1500000.0,2600000.0,13
Marco Donadel,2015,M,MTL,28,27,2300,1,6,0.05,0.53,0,3,1,0,6,0,380007.84,453341.18,7
Marco Donadel,2016,M,MTL,26,23,1983,0,6,0.0,0.62,0,2,0,0,4,2,700000.0,773333.34,6
Marco Donadel,2017,M,MTL,19,18,1424,2,1,0.13,0.06,0,0,1,1,0,1,349992.0,386658.67,3
Marco Farfan,2017,D,POR,6,5,403,0,0,0.0,0.0,0,0,0,0,0,0,106000.0,106000.0,0
Marco Franco,2014,D-M,CHI,0,0,0,0,0,0.0,0.0,0,0,0,0,0,0,36500.0,36500.0,0
Marco Pappa,2008,M,CHI,7,3,218,0,0,0.0,0.0,0,0,0,0,0,0,66000.0,66000.0,0
Marco Pappa,2009,M,CHI,33,31,2554,5,5,0.19,0.54,1,2,2,3,1,4,84000.0,84000.0,10
Marco Pappa,2010,M,CHI,25,23,1961,7,5,0.32,0.23,3,1,4,3,1,4,108000.0,108000.0,12
Marco Pappa,2011,M,CHI,29,27,2324,8,2,0.31,0.08,2,0,2,6,1,1,120000.0,125000.0,10
Marco Pappa,2014,M,SEA,33,27,2135,6,6,0.28,0.67,2,4,5,1,3,3,150000.0,150000.0,12
Marco Pappa,2015,M,SEA,22,18,1562,3,7,0.18,1.33,2,1,3,0,2,5,150000.0,150000.0,10
Marco Pappa,2016,M,COL,22,10,920,2,4,0.2,0.4,2,1,2,0,1,3,220000.0,220000.0,6
Marcos Gonzalez,2007,D,CLB,27,27,2356,1,1,0.04,0.04,0,0,0,1,0,1,156000.0,162250.0,2
Marcos Mondaini,2011,F,CHV,24,20,1493,3,2,0.18,0.12,1,0,2,1,2,0,45000.0,45000.0,5
Marcus Epps,2017,M,PHI,19,7,709,2,1,0.25,0.13,1,1,2,0,1,0,53004.0,53004.0,3
Mariano Trujillo,2009,D,CHV,21,18,1587,0,1,0.0,0.06,0,1,0,0,1,0,180000.0,180000.0,1
Mariano Trujillo,2010,D,CHV,28,28,2517,0,3,0.0,0.11,0,0,0,0,2,1,94500.0,94500.0,3
Mariano Trujillo,2011,D,CHV,12,0,451,1,2,0.2,0.4,1,0,0,1,1,1,99225.0,99225.0,3
Mario Martinez,2012,M,SEA,7,2,241,1,0,0.45,0.0,1,0,0,1,0,0,96000.0,96000.0,1
Mark Bloom,2013,D,TOR,6,6,540,0,1,0.0,0.17,0,1,0,0,1,0,46500.0,46500.0,1
Mark Bloom,2014,D,TOR,26,26,2290,0,1,0.0,0.04,0,1,0,0,0,1,48825.0,48825.0,1
Mark Bloom,2015,D,TOR,0,0,0,0,0,0.0,0.0,0,0,0,0,0,0,180000.0,194697.78,0
Mark Bloom,2016,D,TOR,9,5,365,0,2,0.0,0.53,0,1,0,0,2,0,189000.0,203697.78,2
Mark Bloom,2017,D,ATL,2,2,163,0,0,0.0,0.0,0,0,0,0,0,0,198450.0,213147.78,0
Mark Sherrod,2014,F,HOU,9,3,223,2,1,0.81,0.4,0,1,2,0,1,0,48504.0,48504.0,3
Marko Maric,2011,M,CHI,1,0,19,0,0,0.0,0.0,0,0,0,0,0,0,150000.0,200000.0,0
Marshall Hollingsworth,2016,M,CLB,0,0,0,0,0,0.0,0.0,0,0,0,0,0,0,51499.92,51499.92,0
Marshall Hollingsworth,2017,M,CLB,0,0,0,0,0,0.0,0.0,0,0,0,0,0,0,108150.0,108150.0,0
Martin Rivero,2012,M,COL,30,30,2597,2,8,0.07,0.28,1,2,0,2,5,3,50004.0,50004.0,10
Martin Rivero,2013,M,COL,17,7,766,1,3,0.13,0.38,0,0,0,1,2,1,150000.0,150000.0,4
Martin Rivero,2014,M,CHV,7,6,577,0,3,0.0,0.47,0,0,0,0,0,3,50004.0,50004.0,3
Marvell Wynne,2010,D,COL,31,31,2803,0,0,0.0,0.0,0,0,0,0,0,0,133000.0,343500.0,0
Marvell Wynne,2011,D,COL,32,31,2800,0,2,0.0,0.07,0,0,0,0,2,0,450000.0,603333.34,2
Marvell Wynne,2012,D,COL,28,28,2520,0,0,0.0,0.0,0,0,0,0,0,0,250000.0,326666.67,0
Marvell Wynne,2013,D,COL,29,27,2320,0,2,0.0,0.08,0,0,0,0,2,0,400000.0,570000.0,2
Marvell Wynne,2014,D,COL,28,27,2404,0,1,0.0,0.04,0,1,0,0,1,0,200000.0,285000.0,1
Marvell Wynne,2017,D,SJ,0,0,0,0,0,0.0,0.0,0,0,0,0,0,0,491616.0,514116.0,0
Marvin Iraheta,2012,M,CHV,0,0,0,0,0,0.0,0.0,0,0,0,0,0,0,33750.0,33750.0,0
Marvin Iraheta,2013,M,CHV,13,5,551,0,0,0.0,0.0,0,0,0,0,0,0,46500.0,46500.0,0
Masato Kudo,2016,F,VAN,17,12,894,2,1,0.2,0.1,0,1,2,0,1,0,310000.0,314000.0,3
Matej Dekovic,2017,D,CHI,0,0,0,0,0,0.0,0.0,0,0,0,0,0,0,130008.0,130008.0,0
Matheus Silva,2017,D,SJ,0,0,0,0,0,0.0,0.0,0,0,0,0,0,0,130000.0,130000.0,0
Matias Jara,2012,F,DAL,0,0,0,0,0,0.0,0.0,0,0,0,0,0,0,60000.0,60000.0,0
Matias Laba,2013,M,TOR,16,16,1414,1,0,0.06,0.0,1,0,0,1,0,0,200000.0,200000.0,1
Matias Laba,2014,M,VAN,32,31,2738,0,1,0.0,0.03,0,0,0,0,0,1,300000.0,300000.0,1
Matias Laba,2015,M,VAN,32,32,2719,1,1,0.04,0.04,0,1,0,1,1,0,650000.0,650000.0,2
Matias Laba,2016,M,VAN,32,32,2729,0,0,0.0,0.0,0,0,0,0,0,0,560000.0,720500.0,0
Matias Laba,2017,M,VAN,19,19,1612,2,1,0.11,0.06,1,0,2,0,0,1,1450000.0,1771000.0,3
Matias Mantilla,2007,D,RSL,10,9,828,1,0,0.11,0.0,0,0,1,0,0,0,48000.0,48000.0,1
Matias Sanchez,2013,M,CLB,14,10,820,1,1,0.11,0.11,1,0,1,0,0,1,190000.0,230000.0,2
Matt Hedges,2012,D,DAL,28,23,2022,3,0,0.13,0.0,0,0,0,3,0,0,44000.0,59000.0,3
Matt Hedges,2013,D,DAL,33,32,2793,3,0,0.1,0.0,1,0,2,1,0,0,49500.0,64500.0,3
Matt Hedges,2014,D,DAL,35,35,3060,3,1,0.1,0.03,0,1,2,1,1,0,240000.0,240000.0,4
Matt Hedges,2015,D,DAL,35,34,3065,1,1,0.03,0.03,0,0,0,1,0,1,270000.0,270000.0,2
Matt Hedges,2016,D,DAL,28,28,2514,1,0,0.04,0.0,0,0,1,0,0,0,304000.0,304000.0,1
Matt Hedges,2017,D,DAL,27,27,2425,2,0,0.07,0.0,1,0,1,1,0,0,399996.0,424996.0,2
Matt Kassel,2013,D-M,PHI,5,0,90,0,0,0.0,0.0,0,0,0,0,0,0,46500.0,46500.0,0
Matt Walker,2014,M,CLB,0,0,0,0,0,0.0,0.0,0,0,0,0,0,0,73000.0,73000.0,0
Matt Watson,2012,M,VAN,16,11,1049,0,1,0.0,1.13,0,0,0,0,0,1,130000.0,137003.96,1
Matt Watson,2013,M,VAN,21,15,1292,0,1,0.0,0.07,0,0,0,0,1,0,68250.0,79251.98,1
Matt Watson,2014,M,CHI,27,22,2034,1,1,0.04,0.04,0,0,1,0,0,1,71663.0,82664.99,2
Matt Watson,2015,M,CHI,13,8,674,0,1,0.0,0.13,0,0,0,0,1,0,80620.0,91689.16,1
Matt Wiet,2014,D,CLB,0,0,0,0,0,0.0,0.0,0,0,0,0,0,0,97000.0,97000.0,0
Matteo Ferrari,2012,D,MTL,25,23,2029,0,0,0.0,0.0,0,0,0,0,0,0,130000.0,185475.0,0
Matteo Ferrari,2013,D,MTL,32,32,2880,1,1,0.03,0.03,1,0,1,0,1,0,480000.0,590950.0,2
Matteo Ferrari,2014,D,MTL,25,25,2148,0,0,0.0,0.0,0,0,0,0,0,0,300000.0,355475.0,0
Matteo Mancosu,2017,F,MTL,26,20,1745,6,2,0.31,0.1,0,0,3,3,1,1,700000.08,719541.75,8
Matthew Fondy,2013,F,CHV,7,1,236,0,0,0.0,0.0,0,0,0,0,0,0,46500.0,46500.0,0
Matthew Fondy,2014,F,CHI,9,0,126,0,0,0.0,0.0,0,0,0,0,0,0,48500.0,48500.0,0
Maurice Edu,2014,M,PHI,31,31,2789,3,2,0.1,0.06,0,0,1,2,0,2,650000.0,650000.0,5
Maurice Edu,2015,M,PHI,22,22,1980,1,1,0.05,0.05,0,0,1,0,0,1,700000.0,768750.0,2
Maurice Edu,2016,M,PHI,0,0,0,0,0,0.0,0.0,0,0,0,0,0,0,1450000.0,1587500.0,0
Maurice Edu,2017,M,PHI,0,0,0,0,0,0.0,0.0,0,0,0,0,0,0,750000.0,818750.0,0
Mauro Diaz,2013,M,DAL,10,5,423,3,2,0.64,0.43,1,0,2,1,2,0,312000.0,398000.0,5
Mauro Diaz,2014,M,DAL,19,11,1086,3,4,0.29,0.8200000000000001,2,1,2,1,2,2,650000.0,822000.0,7
Mauro Diaz,2015,M,DAL,28,28,2382,8,14,0.36,1.37,2,4,5,3,8,6,728000.0,884800.0,22
Mauro Diaz,2016,M,DAL,27,24,2149,5,13,0.21,0.54,3,7,4,1,11,2,932000.0,1088800.0,18
Mauro Diaz,2017,M,DAL,19,13,1107,2,8,0.16,0.65,0,2,2,0,7,1,784000.0,880890.0,10
Mauro Manotas,2015,F,HOU,9,0,102,0,0,0.0,0.0,0,0,0,0,0,0,60000.0,60000.0,0
Mauro Manotas,2016,F,HOU,22,10,1054,6,1,0.51,0.09,1,0,5,1,1,0,85000.0,85000.0,7
Mauro Manotas,2017,F,HOU,37,27,2336,11,5,0.77,0.22,2,2,7,4,4,1,431492.16,431492.16,16
Mauro Rosales,2011,M,SEA,26,22,1870,5,13,0.24,0.63,3,4,3,2,9,4,84000.0,84000.0,18
Mauro Rosales,2012,M,SEA,29,26,2129,3,13,0.13,0.58,1,5,2,1,7,6,400000.0,450000.0,16
Mauro Rosales,2013,M,SEA,35,26,2234,4,8,0.17,0.33,0,5,2,2,4,4,400000.0,450000.0,12
Mauro Rosales,2015,M,VAN,26,19,1603,1,3,0.06,0.18,0,1,1,0,2,1,430000.0,530000.0,4
Mauro Rosales,2016,M,DAL,25,5,635,2,4,0.33,1.49,1,1,2,0,2,2,125000.0,125000.0,6
Mauro Rosales,2017,M,VAN,5,0,52,0,0,0.0,0.0,0,0,0,0,0,0,130008.0,130008.0,0
Maxim Tissot,2013,D,MTL,6,3,303,1,1,0.3,0.3,0,0,0,1,1,0,70250.0,70250.0,2
Maxim Tissot,2014,D,MTL,20,7,762,2,0,0.24,0.0,0,0,1,1,0,0,48500.0,48500.0,2
Maxim Tissot,2015,D,MTL,11,7,581,1,0,0.15,0.0,0,0,0,1,0,0,120000.0,120000.0,1
Maxim Tissot,2016,D,MTL,7,5,517,1,0,0.17,0.0,0,0,1,0,0,0,63000.0,63000.0,1
Maxim Tissot,2017,D,DC,1,1,90,0,0,0.0,0.0,0,0,0,0,0,0,65000.0,65000.0,0
Maximiliano Rodriguez,2013,M,MTL,0,0,0,0,0,0.0,0.0,0,0,0,0,0,0,70250.0,70250.0,0
Maykel Galindo,2007,F,CHV,29,25,2111,12,5,0.53,0.22,5,3,8,4,3,2,145000.0,145000.0,17
Maykel Galindo,2008,F,CHV,10,5,549,1,2,0.16,0.33,0,0,0,1,2,0,159500.0,159500.0,3
Maykel Galindo,2009,F,CHV,25,15,1551,5,2,1.44,0.12,1,1,4,1,2,0,175450.0,175450.0,7
Maykel Galindo,2010,F,CHV,6,4,343,1,0,0.26,0.0,0,0,0,1,0,0,96498.0,96498.0,1
Maykel Galindo,2011,F,DAL,6,1,147,0,0,0.0,0.0,0,0,0,0,0,0,100008.0,100008.0,0
Mehdi Ballouchy,2007,M,COL,23,22,1853,1,2,0.05,0.1,0,1,0,1,1,1,70000.0,88000.0,3
Mehdi Ballouchy,2008,M,COL,19,12,1200,1,4,0.08,0.3,0,1,1,0,2,2,75000.0,93000.0,5
Mehdi Ballouchy,2009,M,COL,28,23,2148,2,7,0.08,0.29,1,2,1,1,4,3,100000.0,118000.0,9
Mehdi Ballouchy,2010,M,COL,29,27,2317,4,6,0.17,0.25,1,0,1,3,2,4,177600.0,177600.0,10
Mehdi Ballouchy,2014,M,VAN,9,3,297,0,0,0.0,0.0,0,0,0,0,0,0,65000.0,65000.0,0
Mekeil Williams,2016,D,COL,21,17,1468,0,4,0.0,0.25,0,1,0,0,3,1,170000.0,170000.0,4
Mekeil Williams,2017,D,COL,17,16,1397,0,2,0.0,0.13,0,1,0,0,2,0,110000.0,115000.0,2
Memo Rodriguez,2017,M,HOU,9,3,326,2,1,0.55,0.28,0,0,1,1,1,0,106008.0,106008.0,3
Michael Barrios,2015,M,DAL,30,23,2130,7,2,0.36,0.1,2,0,5,2,2,0,120000.0,120000.0,9
Michael Barrios,2016,M,DAL,34,32,2618,9,3,0.33,0.6200000000000001,2,2,3,6,3,0,140000.0,140000.0,12
Michael Barrios,2017,M,DAL,34,28,2566,3,14,0.11,0.49,0,3,2,1,12,2,100000.0,100000.0,17
Michael Bradley,2014,M,TOR,25,25,2198,2,4,0.08,0.16,2,1,1,1,2,2,6000000.0,6500000.0,6
Michael Bradley,2015,M,TOR,26,26,2340,5,6,0.2,0.24,0,3,4,1,6,0,12000000.0,13000000.0,11
Michael Bradley,2016,M,TOR,30,30,2760,2,5,0.19,0.21,0,1,1,1,4,1,12000000.0,13000000.0,7
Michael Bradley,2017,M,TOR,35,35,3150,0,2,0.0,0.07,0,0,0,0,0,2,12000000.0,13000000.0,2
Michael Dello-Russo,2007,D-M,DAL,1,1,90,0,0,0.0,0.0,0,0,0,0,0,0,25800.0,25800.0,0
Michael Dello-Russo,2008,D-M,DAL,8,1,288,0,0,0.0,0.0,0,0,0,0,0,0,33000.0,33000.0,0
Michael Farfan,2011,M,PHI,23,15,1640,2,4,0.12,0.6799999999999999,1,0,2,0,3,1,84000.0,159000.0,6
Michael Farfan,2012,M,PHI,32,31,2802,1,5,0.03,0.16,1,1,0,1,3,2,57200.0,94700.0,6
Michael Farfan,2013,M,PHI,29,22,1991,1,1,0.05,0.05,1,0,1,0,0,1,98670.0,136170.0,2
Michael Farfan,2016,M,SEA,1,0,26,0,0,0.0,0.0,0,0,0,0,0,0,160000.0,160000.0,0
Michael Harrington,2013,D,POR,37,37,3311,0,1,0.0,0.03,0,0,0,0,0,1,280000.0,333666.66,1
Michael Harrington,2014,D,POR,25,21,1749,0,2,0.0,0.1,0,0,0,0,1,1,125000.0,125000.0,2
Michael Harrington,2015,D,COL,14,14,1260,0,1,0.0,0.07,0,0,0,0,0,1,130000.0,130000.0,1
Michael Harrington,2016,D,CHI,19,16,1291,0,1,0.0,0.07,0,1,0,0,1,0,125000.0,125000.0,1
Michael Harrington,2017,D,CHI,9,9,798,0,0,0.0,0.0,0,0,0,0,0,0,270000.0,270000.0,0
Michael Holody,2009,D,COL,4,0,80,1,0,1.13,0.0,0,0,0,1,0,0,20100.0,20100.0,1
Michael Lahoud,2009,M,CHV,18,11,993,1,1,0.1,0.1,0,0,1,0,0,1,72000.0,90750.0,2
Michael Lahoud,2010,M,CHV,23,20,1684,0,3,0.0,0.16,0,1,0,0,2,1,45100.0,54475.0,3
Michael Lahoud,2011,M,CHV,23,17,1341,1,3,0.07,0.2,0,0,1,0,2,1,63360.0,72735.0,4
Michael Lahoud,2013,M,PHI,9,3,464,0,0,0.0,0.0,0,0,0,0,0,0,90000.0,93333.33,0
Michael Lahoud,2014,M,PHI,8,4,437,0,1,0.0,0.21,0,1,0,0,0,1,99000.0,102333.33,1
Michael Lahoud,2015,M,PHI,19,14,1233,0,0,0.0,0.0,0,0,0,0,0,0,108900.0,112233.33,0
Michael Nanchoff,2011,M,VAN,5,1,137,0,0,0.0,0.0,0,0,0,0,0,0,60000.0,95000.0,0
Michael Nanchoff,2012,M,VAN,9,1,145,0,0,0.0,0.0,0,0,0,0,0,0,132000.0,202000.0,0
Michael Nanchoff,2013,M,POR,1,0,8,0,0,0.0,0.0,0,0,0,0,0,0,93000.0,93000.0,0
Michael Nanchoff,2014,M,POR,3,1,85,0,0,0.0,0.0,0,0,0,0,0,0,48825.0,48825.0,0
Michael Nanchoff,2015,M,POR,4,0,27,0,0,0.0,0.0,0,0,0,0,0,0,120000.0,120000.0,0
Michael Nwiloh,2014,D,CHV,0,0,0,0,0,0.0,0.0,0,0,0,0,0,0,36504.0,36504.0,0
Michael Parkhurst,2014,D,CLB,35,34,2986,0,0,0.0,0.0,0,0,0,0,0,0,550000.0,600000.0,0
Michael Parkhurst,2015,D,CLB,38,38,3375,0,1,0.0,0.03,0,0,0,0,1,0,550000.0,600000.0,1
Michael Parkhurst,2016,D,CLB,34,34,3036,0,2,0.0,0.06,0,0,0,0,1,1,275000.0,300000.0,2
Michael Parkhurst,2017,D,ATL,34,33,2959,0,0,0.0,0.0,0,0,0,0,0,0,650016.0,650016.0,0
Michael Stephens,2015,M,CHI,20,16,1314,0,4,0.0,0.27,0,2,0,0,3,1,95000.0,105000.0,4
Michael Stephens,2016,M,CHI,17,11,948,0,2,0.0,0.19,0,0,0,0,0,2,105000.0,115000.0,2
Michael Tetteh,2011,D,SEA,0,0,0,0,0,0.0,0.0,0,0,0,0,0,0,120000.0,155326.12,0
Michael Tetteh,2012,D,SEA,0,0,0,0,0,0.0,0.0,0,0,0,0,0,0,132000.0,167326.12,0
Michael Videira,2011,M,CHI,9,7,493,0,1,0.0,0.18,0,0,0,0,1,0,42000.0,42625.0,1
Michael Videira,2012,M,CHI,3,0,40,0,0,0.0,0.0,0,0,0,0,0,0,88200.0,89450.0,0
Michael Videira,2013,M,CHI,2,1,84,0,0,0.0,0.0,0,0,0,0,0,0,46500.0,47125.0,0
Miguel Comminges,2011,D,COL,7,7,592,0,0,0.0,0.0,0,0,0,0,0,0,84000.0,84000.0,0
Mikael Silvestre,2013,D,POR,8,8,688,0,0,0.0,0.0,0,0,0,0,0,0,180000.0,186666.67,0
Mike Chabala,2007,D,HOU,0,0,0,0,0,0.0,0.0,0,0,0,0,0,0,35400.0,35400.0,0
Mike Magee,2013,M,CHI,32,32,2793,21,4,0.68,0.13,6,2,13,8,2,2,185000.0,191666.67,25
Mike Magee,2014,M,CHI,17,17,1519,7,4,0.41,0.24,2,1,6,1,2,2,350000.0,417500.0,11
Mike Magee,2015,M,CHI,12,3,360,0,2,0.0,0.5,0,0,0,0,0,2,400000.0,467500.0,2
Mike Petke,2007,D,COL,24,24,2018,1,0,0.04,0.0,0,0,1,0,0,0,126000.0,126000.0,1
Mike Petke,2008,D,COL,11,10,831,2,0,0.22,0.0,1,0,0,2,0,0,133000.0,133000.0,2
Miles Robinson,2017,D,ATL,0,0,0,0,0,0.0,0.0,0,0,0,0,0,0,250000.08,390000.08,0
Milovan Mirosevic,2012,M,CLB,26,25,2140,4,2,0.17,0.08,2,1,2,2,2,0,200000.0,223333.33,6
Milton Rodriguez,2010,F,DAL,14,14,867,5,1,0.54,0.11,2,1,3,2,0,1,168000.0,228000.0,6
Mohammed Saeid,2015,M,CLB,27,18,1606,0,1,0.0,0.06,0,1,0,0,1,0,200000.0,220000.0,1
Mohammed Saeid,2016,M,CLB,25,24,2016,0,5,0.0,0.22,0,2,0,0,5,0,110000.0,120000.0,5
Mohammed Saeid,2017,M,COL,32,30,2512,1,4,0.04,0.14,0,2,0,1,4,0,160000.0,170000.0,5
Moises Hernandez,2011,D,DAL,0,0,0,0,0,0.0,0.0,0,0,0,0,0,0,84000.0,89000.0,0
Moises Hernandez,2012,D,DAL,0,0,0,0,0,0.0,0.0,0,0,0,0,0,0,33756.0,35381.0,0
Moises Hernandez,2014,D,DAL,19,15,1291,0,0,0.0,0.0,0,0,0,0,0,0,97650.0,100900.0,0
Moises Hernandez,2015,D,DAL,14,11,968,0,2,0.0,0.19,0,1,0,0,2,0,120000.0,123250.0,2
Moises Hernandez,2016,D,DAL,0,0,0,0,0,0.0,0.0,0,0,0,0,0,0,200000.0,210000.0,0
Mouloud Akloul,2011,D,VAN,8,7,625,0,0,0.0,0.0,0,0,0,0,0,0,150000.0,150000.0,0
Mpho Moloi,2007,M,HOU,0,0,0,0,0,0.0,0.0,0,0,0,0,0,0,35400.0,35400.0,0
Mustapha Jarju,2011,F,VAN,10,5,450,0,0,0.0,0.0,0,0,0,0,0,0,400008.0,426883.0,0
Nat Borchers,2008,D,RSL,32,32,2880,0,1,0.0,0.03,0,0,0,0,1,0,240000.0,255000.0,1
Nat Borchers,2009,D,RSL,34,34,3099,1,0,0.03,0.0,0,0,0,1,0,0,260000.0,275000.0,1
Nat Borchers,2010,D,RSL,32,32,2853,2,1,0.07,0.5,0,0,1,1,1,0,280000.0,295000.0,3
Nat Borchers,2011,D,RSL,31,31,2631,3,1,0.11,0.04,2,1,3,0,1,0,319992.0,338117.0,4
Nat Borchers,2012,D,RSL,28,28,2520,2,0,0.08,0.0,1,0,1,1,0,0,400008.0,423945.5,2
Nat Borchers,2013,D,RSL,33,33,3030,1,2,0.04,0.07,0,0,0,1,0,2,400008.0,423945.5,3
Nat Borchers,2014,D,RSL,34,34,3036,1,0,0.03,0.0,0,0,0,1,0,0,450000.0,473937.5,1
Nat Borchers,2015,D,POR,37,37,3360,4,0,0.26,0.0,1,0,2,2,0,0,470000.0,490000.0,4
Nat Borchers,2016,D,POR,21,21,1812,1,1,0.05,0.05,0,0,0,1,0,1,245000.0,255000.0,2
Nate Jaqua,2007,F,HOU,29,22,2033,8,2,0.7,0.1,2,0,7,1,1,1,225000.0,239050.0,10
Nate Jaqua,2008,F,HOU,16,12,1003,4,4,0.4,0.4,2,1,4,0,4,0,312000.0,348250.0,8
Nate Jaqua,2009,F,SEA,30,29,2488,9,7,0.36,0.28,2,2,6,3,4,3,379992.0,416242.0,16
Nate Jaqua,2010,F,SEA,17,3,431,0,4,0.0,4.75,0,1,0,0,0,4,300000.0,314000.0,4
Nate Jaqua,2011,F,SEA,23,7,843,0,2,0.0,0.21,0,1,0,0,0,2,280008.0,280008.0,2
Nathan Sturgis,2008,M,RSL,3,2,118,0,0,0.0,0.0,0,0,0,0,0,0,150000.0,216000.0,0
Nathan Sturgis,2009,M,SEA,9,5,440,0,0,0.0,0.0,0,0,0,0,0,0,200000.0,266000.0,0
Nathan Sturgis,2010,M,SEA,22,18,1628,1,2,0.06,0.12,0,1,0,1,2,0,130000.0,138500.0,3
Nathan Sturgis,2012,M,HOU,5,4,332,0,0,0.0,0.0,0,0,0,0,0,0,178500.0,187000.0,0
Nathan Sturgis,2013,M,COL,26,24,2122,4,1,0.18,0.04,1,0,3,1,0,1,187425.0,195925.0,5
Nathan Sturgis,2014,M,CHV,22,13,1201,0,1,0.0,0.07,0,1,0,0,0,1,114000.0,120333.33,1
Nathan Sturgis,2015,M,HOU,18,15,1292,1,2,0.07,0.14,0,0,0,1,2,0,71250.0,75375.0,3
Nathan Sturgis,2016,M,SEA,0,0,0,0,0,0.0,0.0,0,0,0,0,0,0,125016.0,125016.0,0
Neco Brett,2016,M,POR,1,0,1,0,0,0.0,0.0,0,0,0,0,0,0,51504.0,51504.0,0
Ned Grabavoy,2007,M,CLB,26,24,2093,3,3,0.13,0.13,0,1,2,1,1,2,45050.25,52550.25,6
Ned Grabavoy,2009,M,RSL,22,8,841,0,2,0.0,0.24,0,0,0,0,2,0,167200.0,167200.0,2
Ned Grabavoy,2010,M,RSL,25,20,1725,3,1,0.17,0.06,1,1,3,0,1,0,210000.0,210000.0,4
Ned Grabavoy,2011,M,RSL,28,21,1963,1,0,1.41,0.0,0,0,1,0,0,0,236250.0,236250.0,1
Ned Grabavoy,2012,M,RSL,28,24,2126,0,3,0.0,0.14,0,1,0,0,2,1,240000.0,253333.34,3
Ned Grabavoy,2013,M,RSL,36,32,2962,5,5,0.17,0.17,0,1,1,4,4,1,310000.0,323333.34,10
Ned Grabavoy,2014,M,RSL,34,31,2776,2,3,0.07,0.1,2,0,2,0,2,1,320000.0,350000.0,5
Ned Grabavoy,2016,M,POR,22,5,632,0,0,0.0,0.0,0,0,0,0,0,0,150000.0,150000.0,0
Nelson Rivas,2012,D,MTL,11,11,858,0,1,0.0,0.1,0,0,0,0,1,0,50000.0,50000.0,1
Nelson Rivas,2013,D,MTL,1,1,70,0,0,0.0,0.0,0,0,0,0,0,0,150000.0,150000.0,0
Nelson Valdez,2015,F,SEA,10,7,592,2,1,0.72,0.22,0,0,2,0,0,1,1920000.0,2430000.0,3
Nelson Valdez,2016,F,SEA,30,13,1276,2,2,0.48,0.33999999999999997,2,1,2,0,1,1,2400000.0,2910000.0,4
Nemanja Nikolic,2017,F,CHI,35,35,3036,24,4,0.73,0.12,5,1,19,5,2,2,3400000.08,3812666.74,28
Nery Castillo,2010,F,CHI,8,6,487,0,0,0.0,0.0,0,0,0,0,0,0,1400004.0,1788060.5,0
Nicholas Lindsay,2012,F,TOR,0,0,0,0,0,0.0,0.0,0,0,0,0,0,0,44100.0,45100.0,0
Nick Hatzke,2007,M,HOU,0,0,0,0,0,0.0,0.0,0,0,0,0,0,0,25800.0,25800.0,0
Nick Hatzke,2008,M,HOU,0,0,0,0,0,0.0,0.0,0,0,0,0,0,0,25800.0,25800.0,0
Nick LaBrocca,2007,M,COL,2,1,67,0,0,0.0,0.0,0,0,0,0,0,0,12900.0,12900.0,0
Nick LaBrocca,2008,M,COL,30,28,2396,2,0,0.08,0.0,1,0,0,2,0,0,12900.0,12900.0,2
Nick LaBrocca,2009,M,COL,29,28,2434,2,0,0.07,0.0,1,0,2,0,0,0,70000.0,72500.0,2
Nick LaBrocca,2011,M,CHV,34,34,3058,8,6,0.24,0.18,1,0,4,4,1,5,84700.0,87200.0,14
Nick LaBrocca,2012,M,CHV,29,26,2293,2,2,0.08,0.08,1,0,0,2,1,1,95288.0,97788.0,4
Nick LaBrocca,2013,M,COL,24,16,1214,1,3,0.07,0.22,0,1,1,0,2,1,240000.0,276666.66,4
Nick LaBrocca,2014,M,COL,31,29,2584,1,1,0.03,0.03,1,0,1,0,0,1,135000.0,153333.33,2
Nick LaBrocca,2015,M,COL,13,6,607,1,0,0.15,0.0,0,0,1,0,0,0,160000.0,180000.0,1
Nick LaBrocca,2016,M,CHI,12,5,514,0,1,0.0,0.18,0,0,0,0,0,1,110000.0,110000.0,1
Nick Lima,2017,D,SJ,22,20,1809,2,1,0.1,0.05,1,0,2,0,0,1,160008.0,172416.06,3
Nick Zimmerman,2010,M,PHI,8,1,159,0,0,0.0,0.0,0,0,0,0,0,0,40000.0,40000.0,0
Nico Colaluca,2007,M,COL,4,0,62,0,0,0.0,0.0,0,0,0,0,0,0,45000.0,78000.0,0
Nico Colaluca,2008,M,COL,0,0,0,0,0,0.0,0.0,0,0,0,0,0,0,70000.0,103000.0,0
Nicolai Naess,2017,D,CLB,18,17,1476,0,0,0.0,0.0,0,0,0,0,0,0,235000.0,242500.0,0
Nicolas Hernandez,2007,F,COL,21,17,1474,1,1,0.06,0.06,1,0,0,1,1,0,130000.0,132400.0,2
Nigel Reo-Coker,2013,M,VAN,32,31,2817,1,4,0.03,0.13,0,1,0,1,4,0,200000.0,237362.5,5
Nigel Reo-Coker,2014,M,CHV,21,17,1467,0,2,0.0,0.12,0,0,0,0,1,1,400000.0,446500.0,2
Nigel Reo-Coker,2015,M,MTL,31,22,2057,0,2,0.0,0.1,0,0,0,0,2,0,550000.0,550000.0,2
Nikolas Besagno,2007,M,RSL,2,1,88,0,0,0.0,0.0,0,0,0,0,0,0,75000.0,111500.0,0
Nikolas Besagno,2008,M,RSL,0,0,0,0,0,0.0,0.0,0,0,0,0,0,0,200000.0,273000.0,0
Nizar Khalfan,2011,M,VAN,22,9,1066,1,4,0.08,0.34,0,0,1,0,3,1,60000.0,61250.0,5
Norberto Paparatto,2015,D,POR,9,6,593,0,0,0.0,0.0,0,0,0,0,0,0,240000.0,240000.0,0
Nouhou Tolo,2017,D,SEA,24,14,1391,0,1,0.0,0.09,0,0,0,0,1,0,105999.84,105999.84,1
O'Brian White,2011,F,SEA,7,7,517,2,2,0.35,0.35,0,2,1,1,1,1,200000.0,200000.0,4
O'Brian White,2012,F,SEA,0,0,0,0,0,0.0,0.0,0,0,0,0,0,0,220000.0,220000.0,0
Oalex Anderson,2016,F,SEA,15,2,334,0,0,0.0,0.0,0,0,0,0,0,0,103008.0,103008.0,0
Obafemi Martins,2013,F,SEA,21,17,1507,8,4,0.49,0.25,5,2,6,2,4,0,3200000.0,3450000.0,12
Obafemi Martins,2014,F,SEA,35,33,2960,17,13,0.59,0.45,3,4,7,10,7,6,3240000.0,3506666.66,30
Obafemi Martins,2015,F,SEA,24,23,2105,15,6,0.75,0.3,2,2,8,7,4,2,4800000.0,6000000.0,21
Octavio Rivero,2015,F,VAN,36,32,2912,10,3,0.33,0.1,5,2,7,3,1,2,1781700.0,1781700.0,13
Octavio Rivero,2016,F,VAN,12,9,757,2,0,0.24,0.0,0,0,1,1,0,0,890850.0,890850.0,2
Oguchi Onyewu,2017,D,PHI,22,22,1929,1,0,0.05,0.0,0,0,0,1,0,0,65004.0,65004.0,1
Olman Vargas,2012,F,CLB,11,7,667,1,0,0.13,0.0,0,0,1,0,0,0,170000.0,175000.0,1
Olmes Garcia,2013,F,RSL,26,8,1045,5,4,0.45,0.36,2,2,2,3,2,2,240000.0,240000.0,9
Olmes Garcia,2014,F,RSL,23,12,1191,3,0,0.23,0.0,1,0,2,1,0,0,250000.0,250000.0,3
Olmes Garcia,2015,F,RSL,33,15,1542,2,1,0.12,0.06,1,0,2,0,1,0,130000.0,130000.0,3
Olmes Garcia,2016,F,RSL,25,10,1054,1,1,0.09,0.09,0,1,1,0,0,1,320000.0,320000.0,2
Omar Cummings,2007,F,COL,11,0,182,2,0,0.99,0.0,1,0,1,1,0,0,30000.0,30000.0,2
Omar Cummings,2008,F,COL,26,17,1629,6,4,0.33,0.22,1,0,4,2,0,4,33000.0,33000.0,10
Omar Cummings,2009,F,COL,28,28,2474,8,12,0.29,0.44,2,3,4,4,8,4,65000.0,73750.0,20
Omar Cummings,2010,F,COL,33,32,2869,14,5,0.51,0.56,3,2,9,5,2,3,143000.0,160500.0,19
Omar Cummings,2011,F,COL,29,21,1889,4,6,0.6,0.32,2,1,4,0,4,2,160876.0,178376.0,10
Omar Cummings,2012,F,COL,28,23,2000,6,2,0.27,0.09,1,0,3,3,1,1,81999.96,95999.96,8
Omar Cummings,2013,F,HOU,16,2,384,2,0,0.93,0.0,1,0,1,1,0,0,450000.0,478000.0,2
Omar Cummings,2014,F,HOU,26,14,1270,3,3,0.21,0.21,1,1,2,1,3,0,250000.0,264000.0,6
Omar Holness,2016,M,RSL,9,3,277,0,0,0.0,0.0,0,0,0,0,0,0,200000.0,247000.0,0
Omar Holness,2017,M,RSL,9,3,261,1,0,0.34,0.0,0,0,0,1,0,0,110000.0,133500.0,1
Omar Salgado,2011,F,VAN,14,5,504,1,1,0.18,0.18,0,0,0,1,1,0,80000.0,121868.67,2
Omar Salgado,2012,F,VAN,7,5,398,0,1,0.0,0.23,0,0,0,0,1,0,180000.0,263737.34,1
Omar Salgado,2013,F,VAN,0,0,0,0,0,0.0,0.0,0,0,0,0,0,0,95000.0,136868.67,0
Omar Salgado,2014,F,VAN,8,2,198,0,0,0.0,0.0,0,0,0,0,0,0,100000.0,141868.67,0
Onyekachi Apam,2014,D,SEA,0,0,0,0,0,0.0,0.0,0,0,0,0,0,0,120000.0,120000.0,0
Orlando Perez,2007,D,CHV,15,12,1033,1,1,0.09,0.09,0,0,1,0,1,0,140000.0,140000.0,2
Orr Barouch,2011,F,CHI,28,2,624,2,2,0.29,0.29,0,1,0,2,1,1,32600.0,32600.0,4
Orr Barouch,2012,F,CHI,9,1,224,0,0,0.0,0.0,0,0,0,0,0,0,88000.0,88000.0,0
Oscar Cordon,2012,M,TOR,0,0,0,0,0,0.0,0.0,0,0,0,0,0,0,44000.0,44000.0,0
Osei Telesford,2007,D,CHI,2,0,2,0,0,0.0,0.0,0,0,0,0,0,0,72000.0,73250.0,0
Oswaldo Minda,2012,M,CHV,22,20,1748,1,0,0.05,0.0,1,0,0,1,0,0,50000.0,68750.0,1
Oswaldo Minda,2013,M,CHV,16,15,1224,1,0,0.07,0.0,1,0,1,0,0,0,125000.0,143750.0,1
Oswaldo Minda,2014,M,CHV,20,20,1613,0,0,0.0,0.0,0,0,0,0,0,0,150000.0,168750.0,0
Otis Earle,2015,D,DAL,0,0,0,0,0,0.0,0.0,0,0,0,0,0,0,120000.0,154250.0,0
Oyvind Alseth,2017,D,TOR,4,4,269,0,0,0.0,0.0,0,0,0,0,0,0,106008.0,106008.0,0
Pablo Campos,2009,F,RSL,25,14,1011,4,5,0.36,0.45,2,1,3,1,1,4,130000.0,139693.44,9
Pablo Campos,2010,F,RSL,16,3,434,0,1,0.0,0.21,0,0,0,0,1,0,157500.0,167193.44,1
Pablo Mastroeni,2007,M,COL,23,21,1864,0,1,0.0,0.05,0,1,0,0,1,0,280000.0,298000.0,1
Pablo Mastroeni,2008,M,COL,25,23,2004,0,0,0.0,0.0,0,0,0,0,0,0,300000.0,318000.0,0
Pablo Mastroeni,2009,M,COL,25,25,2162,1,3,0.04,0.12,1,1,1,0,2,1,255000.0,300500.0,4
Pablo Mastroeni,2010,M,COL,33,33,2913,3,3,0.28,0.11,2,1,1,2,1,2,510000.0,601000.0,6
Pablo Mastroeni,2011,M,COL,30,30,2517,1,4,0.04,0.14,0,1,0,1,2,2,480000.0,490000.0,5
Pablo Mastroeni,2012,M,COL,2,2,150,0,0,0.0,0.0,0,0,0,0,0,0,240000.0,245000.0,0
Pablo Ricchetti,2007,D-M,DAL,21,20,1746,0,3,0.0,0.17,0,1,0,0,3,0,240000.0,253250.0,3
Pablo Ricchetti,2008,D-M,DAL,27,25,2252,0,3,0.0,0.12,0,0,0,0,1,2,132000.0,138625.0,3
Pablo Ricchetti,2009,D-M,DAL,22,22,1965,1,0,0.05,0.0,0,0,0,1,0,0,145200.0,151825.0,1
Paolo Cardozo,2012,M,CHV,10,9,692,1,0,0.13,0.0,0,0,0,1,0,0,70000.0,81250.0,1
Paolo DelPiccolo,2013,M,MTL,0,0,0,0,0,0.0,0.0,0,0,0,0,0,0,70250.0,70250.0,0
Pari Pantazopoulos,2011,M,CHI,0,0,0,0,0,0.0,0.0,0,0,0,0,0,0,32604.0,32604.0,0
Pat Noonan,2008,F,CLB,11,6,531,1,2,0.17,0.34,0,0,0,1,2,0,350016.0,350016.0,3
Pat Noonan,2010,F,SEA,12,8,682,1,1,0.13,0.13,0,0,0,1,1,0,192000.0,192000.0,2
Pat Noonan,2011,F,SEA,9,2,259,0,0,0.0,0.0,0,0,0,0,0,0,96000.0,96000.0,0
Patrice Bernier,2012,M,MTL,27,25,2194,9,8,0.37,0.33,1,4,7,2,7,1,130000.0,149333.25,17
Patrice Bernier,2013,M,MTL,31,28,2474,4,8,0.15,0.29,0,5,2,2,7,1,286000.0,324666.5,12
Patrice Bernier,2014,M,MTL,26,20,1802,0,3,0.0,0.15,0,0,0,0,2,1,165000.0,205000.0,3
Patrice Bernier,2015,M,MTL,23,9,897,2,2,0.8,0.53,1,1,2,0,2,0,180000.0,270000.0,4
Patrice Bernier,2016,M,MTL,25,18,1600,0,3,0.0,0.51,0,1,0,0,3,0,190000.0,280000.0,3
Patrice Bernier,2017,M,MTL,27,20,1801,2,4,0.1,0.2,0,0,2,0,2,2,165000.0,165000.0,6
Patrick Doody,2015,D,CHI,7,6,558,0,1,0.0,0.16,0,0,0,0,1,0,50000.0,50000.0,1
Patrick Doody,2016,D,CHI,0,0,0,0,0,0.0,0.0,0,0,0,0,0,0,53471.0,53471.0,0
Patrick Doody,2017,D,CHI,7,7,629,0,4,0.0,0.57,0,1,0,0,3,1,130000.0,130000.0,4
Patrick Ianni,2007,D-M,HOU,16,9,961,1,0,0.09,0.0,1,0,0,1,0,0,140000.0,206000.0,1
Patrick Ianni,2008,D-M,HOU,17,10,1010,0,1,0.0,0.09,0,1,0,0,1,0,150000.0,216000.0,1
Patrick Ianni,2009,D-M,SEA,18,11,1192,1,2,0.08,0.16,1,1,1,0,1,1,144000.0,144000.0,3
Patrick Ianni,2010,D-M,SEA,27,26,2263,0,0,0.0,0.0,0,0,0,0,0,0,151200.0,151200.0,0
Patrick Ianni,2011,D-M,SEA,16,12,1232,1,0,0.07,0.0,0,0,0,1,0,0,170100.0,170100.0,1
Patrick Ianni,2012,D-M,SEA,16,15,1357,1,0,0.07,0.0,0,0,1,0,0,0,178606.0,178606.0,1
Patrick Ianni,2013,D-M,SEA,9,7,705,0,0,0.0,0.0,0,0,0,0,0,0,300000.0,300000.0,0
Patrick Ianni,2014,D-M,CHI,12,11,1013,0,0,0.0,0.0,0,0,0,0,0,0,150000.0,150000.0,0
Patrick Nyarko,2008,F-M,CHI,10,2,179,1,0,0.57,0.0,1,0,1,0,0,0,110000.0,270000.0,1
Patrick Nyarko,2009,F-M,CHI,33,22,2075,4,3,0.18,1.07,2,0,2,2,1,2,160000.0,320000.0,7
Patrick Nyarko,2010,F-M,CHI,27,22,2068,1,10,0.04,0.44,0,2,0,1,6,4,80000.0,160000.0,11
Patrick Nyarko,2011,F-M,CHI,30,24,2266,1,9,0.04,0.36,1,2,1,0,1,8,110000.0,190000.0,10
Patrick Nyarko,2012,F-M,CHI,35,32,2846,4,8,0.13,1.23,1,3,3,1,5,3,400000.0,439000.0,12
Patrick Nyarko,2013,F-M,CHI,30,24,2153,4,4,0.17,0.17,0,1,2,2,2,2,230000.0,249500.0,8
Patrick Nyarko,2014,F-M,CHI,17,9,846,1,3,0.11,0.32,1,0,0,1,0,3,265000.0,284500.0,4
Patrick Nyarko,2015,F-M,CHI,19,14,1222,3,4,0.22,0.29,0,0,1,2,1,3,200000.0,215750.0,7
Patrick Nyarko,2016,F-M,DC,27,24,1918,4,9,0.2,1.3900000000000001,0,1,2,2,8,1,420000.0,451500.0,13
Patrick Nyarko,2017,F-M,DC,14,12,1028,1,2,0.09,0.18,1,0,1,0,0,2,235000.0,250750.0,3
Paul Dalglish,2007,F,HOU,5,3,259,0,0,0.0,0.0,0,0,0,0,0,0,192000.0,202000.0,0
Paulo Nagamura,2007,M,CHV,28,26,2352,2,2,0.08,0.08,2,0,0,2,1,1,178500.0,178500.0,4
Paulo Nagamura,2008,M,CHV,26,26,2242,2,3,0.09,0.13,0,1,1,1,2,1,187425.0,187425.0,5
Paulo Nagamura,2009,M,CHV,29,27,2443,4,2,0.16,0.08,2,1,4,0,2,0,196796.26,196796.26,6
Paulo Nagamura,2010,M,CHV,15,15,1327,1,0,0.07,0.0,0,0,1,0,0,0,192000.0,197500.0,1
Paulo Nagamura,2011,M,CHV,11,6,544,0,1,0.0,0.17,0,1,0,0,1,0,225000.0,230500.0,1
Paulo Wanchope,2007,F,CHI,13,11,1022,2,0,0.19,0.0,1,0,0,2,0,0,480000.0,535000.0,2
Paxton Pomykal,2017,M,DAL,2,2,140,0,0,0.0,0.0,0,0,0,0,0,0,70000.0,75000.0,0
Pedro Morales,2014,M,VAN,33,28,2554,10,12,0.35,0.42,3,4,7,3,8,4,1190000.0,1410900.0,22
Pedro Morales,2015,M,VAN,25,16,1532,6,4,0.38,0.25,1,3,3,3,3,1,2380000.0,2821800.0,10
Pedro Morales,2016,M,VAN,27,26,2073,9,6,0.39,0.26,3,0,4,5,4,2,1232500.0,1258900.0,15
Pedro Ribeiro,2014,M-F,PHI,9,3,351,2,0,0.51,0.0,1,0,2,0,0,0,36504.0,36504.0,2
Pedro Ribeiro,2015,M-F,ORL,18,8,732,2,2,0.25,0.25,0,0,1,1,0,2,60000.0,60000.0,4
Pedro Ribeiro,2016,M-F,ORL,3,1,152,0,0,0.0,0.0,0,0,0,0,0,0,63000.0,63000.0,0
Peri Marosevic,2009,F,DAL,4,0,47,0,0,0.0,0.0,0,0,0,0,0,0,55000.0,104000.0,0
Peri Marosevic,2010,F,DAL,0,0,0,0,0,0.0,0.0,0,0,0,0,0,0,150000.0,248000.0,0
Peter Lowry,2008,M,CHI,0,0,0,0,0,0.0,0.0,0,0,0,0,0,0,25800.0,25800.0,0
Peter Lowry,2009,M,CHI,9,8,659,3,0,0.41,0.0,0,0,2,1,0,0,40200.0,40200.0,3
Peter Lowry,2010,M,CHI,15,12,1004,2,0,0.18,0.0,1,0,2,0,0,0,40000.0,40000.0,2
Peter Lowry,2011,M,POR,3,2,146,0,0,0.0,0.0,0,0,0,0,0,0,60000.0,61666.67,0
Peter Luccin,2013,M,DAL,3,2,201,0,0,0.0,0.0,0,0,0,0,0,0,90000.0,131000.0,0
Peter Luccin,2014,M,DAL,11,2,245,0,0,0.0,0.0,0,0,0,0,0,0,150000.0,228666.66,0
Peter Vagenas,2009,M,SEA,14,9,740,0,2,0.0,0.24,0,0,0,0,0,2,316800.0,316800.0,2
Peter Vagenas,2010,M,SEA,7,7,542,0,0,0.0,0.0,0,0,0,0,0,0,234000.0,234000.0,0
Peter Vagenas,2011,M,VAN,16,13,1042,0,0,0.0,0.0,0,0,0,0,0,0,48000.0,48000.0,0
Peter Vagenas,2012,M,CHV,13,11,842,0,1,0.0,0.11,0,0,0,0,1,0,70000.0,85000.0,1
Phanuel Kavita,2015,D,RSL,2,2,180,0,0,0.0,0.0,0,0,0,0,0,0,50000.0,50000.0,0
Phanuel Kavita,2016,D,RSL,1,1,90,0,0,0.0,0.0,0,0,0,0,0,0,103000.0,103000.0,0
Philippe Davies,2011,M,VAN,0,0,0,0,0,0.0,0.0,0,0,0,0,0,0,32600.0,32600.0,0
Pierre Da Silva,2017,M,ORL,1,0,1,0,0,0.0,0.0,0,0,0,0,0,0,53004.0,53004.0,0
Quincy Amarikwa,2010,F,COL,15,2,246,1,0,0.37,0.0,0,0,1,0,0,0,80000.0,80000.0,1
Quincy Amarikwa,2011,F,COL,16,5,555,1,1,0.18,0.18,1,0,0,1,1,0,84000.0,84000.0,2
Quincy Amarikwa,2013,F,CHI,14,0,299,3,0,0.9,0.0,0,0,0,3,0,0,46500.0,46500.0,3
Quincy Amarikwa,2014,F,CHI,32,29,2549,8,5,0.28,0.18,1,0,2,6,4,1,60000.0,60000.0,13
Quincy Amarikwa,2017,F,SJ,10,1,166,0,0,0.0,0.0,0,0,0,0,0,0,513000.0,540333.34,0
Rachid El Khalifi,2009,M-F,RSL,4,3,178,0,0,0.0,0.0,0,0,0,0,0,0,169992.0,205992.0,0
Rafael Ramos,2015,D,ORL,25,24,1998,0,2,0.0,0.09,0,1,0,0,2,0,50000.0,50000.0,2
Rafael Ramos,2016,D,ORL,12,12,1015,0,3,0.0,0.27,0,1,0,0,1,2,96000.0,96000.0,3
Rafael Ramos,2017,D,ORL,2,1,55,0,0,0.0,0.0,0,0,0,0,0,0,100800.0,100800.0,0
Rafael Robayo,2012,M,CHI,16,3,439,0,0,0.0,0.0,0,0,0,0,0,0,200000.0,265000.0,0
Ramon Nunez,2007,M,CHV,23,13,1342,3,5,0.22,0.36,2,2,3,0,1,4,200000.0,236000.0,8
Ramon Nunez,2013,M,DAL,10,0,253,1,3,0.36,1.07,0,1,0,1,2,1,65000.0,75000.0,4
Raphael Cox,2009,M,RSL,6,2,208,1,0,0.43,0.0,0,0,0,1,0,0,40200.0,40200.0,1
Raphael Wicky,2008,M,CHV,5,1,138,0,1,0.0,0.65,0,0,0,0,1,0,299166.58,319166.58,1
Rasheed Olabiyi,2015,M,HOU,7,4,283,0,1,0.0,0.32,0,0,0,0,1,0,60000.0,60000.0,1
Raul Mendiola,2016,M,LA,6,5,375,0,0,0.0,0.0,0,0,0,0,0,0,125000.0,125000.0,0
Raul Rodriguez,2015,D,HOU,27,27,2364,2,0,0.08,0.0,0,0,2,0,0,0,325000.0,354333.33,2
Raul Rodriguez,2016,D,HOU,25,24,2128,1,0,0.04,0.0,0,0,0,1,0,0,350000.0,379333.33,1
Rauwshan McKenzie,2010,D,RSL,4,2,224,0,0,0.0,0.0,0,0,0,0,0,0,80000.0,80000.0,0
Rauwshan McKenzie,2011,D,RSL,2,2,180,0,0,0.0,0.0,0,0,0,0,0,0,84000.0,84000.0,0
Rauwshan McKenzie,2012,D,CHV,20,19,1732,0,1,0.0,0.05,0,0,0,0,0,1,44000.0,44000.0,1
Rauwshan McKenzie,2013,D,POR,1,1,90,0,0,0.0,0.0,0,0,0,0,0,0,93000.0,93000.0,0
Rauwshan McKenzie,2014,D,POR,7,6,496,0,0,0.0,0.0,0,0,0,0,0,0,48825.0,48825.0,0
Raymon Gaddis,2012,D,PHI,18,17,1475,0,1,0.0,0.06,0,1,0,0,1,0,33750.0,33750.0,1
Raymon Gaddis,2013,D,PHI,31,31,2703,0,0,0.0,0.0,0,0,0,0,0,0,46500.0,46500.0,0
Raymon Gaddis,2014,D,PHI,34,34,3051,0,2,0.0,0.06,0,0,0,0,1,1,52313.0,52313.0,2
Raymon Gaddis,2015,D,PHI,28,27,2399,0,1,0.0,0.04,0,0,0,0,0,1,130000.0,132500.0,1
Raymon Gaddis,2016,D,PHI,7,5,514,0,1,0.0,0.18,0,0,0,0,0,1,300000.0,305000.0,1
Raymon Gaddis,2017,D,PHI,26,23,2028,0,1,0.0,0.04,0,1,0,0,1,0,165000.0,167500.0,1
Razvan Cocis,2014,M,CHI,10,8,713,0,0,0.0,0.0,0,0,0,0,0,0,140004.0,146670.67,0
Razvan Cocis,2015,M,CHI,26,22,2005,2,3,0.09,0.13,0,0,1,1,2,1,220000.0,226666.67,5
Razvan Cocis,2016,M,CHI,30,19,1901,5,2,0.24,0.09,0,1,3,2,2,0,160000.0,160000.0,7
Reagan Dunk,2017,D,RSL,3,2,174,0,0,0.0,0.0,0,0,0,0,0,0,53004.0,53004.0,0
Reggie Cannon,2017,D,DAL,1,0,1,0,0,0.0,0.0,0,0,0,0,0,0,53000.04,53000.04,0
Reggie Lambe,2012,M,TOR,27,22,1845,2,3,0.1,0.15,0,0,2,0,1,2,60000.0,62500.0,5
Reggie Lambe,2013,M,TOR,28,20,1799,0,1,0.0,0.05,0,0,0,0,0,1,67500.0,70000.0,1
Rennico Clarke,2017,D,POR,0,0,0,0,0,0.0,0.0,0,0,0,0,0,0,106008.0,116008.0,0
Ricardo Clark,2007,M,HOU,19,18,1635,2,3,0.11,0.17,0,3,1,1,1,2,390000.0,390000.0,5
Ricardo Clark,2008,M,HOU,27,27,2385,2,1,0.08,0.04,0,0,1,1,0,1,451000.0,451000.0,3
Ricardo Clark,2009,M,HOU,25,25,2302,1,1,0.05,0.05,0,0,1,0,1,0,496100.0,496100.0,2
Ricardo Clark,2012,M,HOU,16,13,1186,1,0,0.12,0.0,1,0,1,0,0,0,520000.08,587500.08,1
Ricardo Clark,2013,M,HOU,34,33,2843,5,5,0.42000000000000004,0.42000000000000004,3,3,4,1,3,2,548000.0,615500.0,10
Ricardo Clark,2014,M,HOU,25,24,2087,4,4,0.17,0.17,1,1,2,2,4,0,288000.0,321750.0,8
Ricardo Clark,2015,M,HOU,30,30,2573,8,1,0.28,0.03,2,0,4,4,1,0,304000.0,337750.0,9
Ricardo Clark,2016,M,HOU,32,29,2551,4,4,0.14,0.14,0,1,1,3,3,1,319200.0,356700.0,8
Ricardo Clark,2017,M,HOU,30,27,2351,0,2,0.0,0.08,0,0,0,0,2,0,670320.0,745320.0,2
Ricardo Perez,2017,M,COL,0,0,0,0,0,0.0,0.0,0,0,0,0,0,0,53004.0,54254.0,0
Ricardo Pierre-Louis,2008,F,CLB,0,0,0,0,0,0.0,0.0,0,0,0,0,0,0,35400.0,35400.0,0
Ricardo Velazco,2017,F,RSL,9,1,254,0,0,0.0,0.0,0,0,0,0,0,0,65633.4,65633.4,0
Ricardo Villar,2011,M,DAL,21,15,1399,0,2,0.0,0.14,0,1,0,0,0,2,300000.0,300000.0,2
Ricardo Villar,2012,M,DAL,9,8,609,2,0,0.3,0.0,1,0,1,1,0,0,80004.0,80004.0,2
Ricardo Virtuoso,2007,F,CLB,8,5,451,0,1,0.0,0.2,0,0,0,0,1,0,60000.0,102000.0,1
Rich Balchan,2011,D,CLB,20,19,1705,1,0,0.06,0.0,0,0,0,1,0,0,84000.0,117750.0,1
Rich Balchan,2012,D,CLB,0,0,0,0,0,0.0,0.0,0,0,0,0,0,0,51700.0,68575.0,0
Rich Balchan,2013,D,RSL,0,0,0,0,0,0.0,0.0,0,0,0,0,0,0,70250.0,70250.0,0
Rich Balchan,2014,D,RSL,4,2,233,0,0,0.0,0.0,0,0,0,0,0,0,97000.0,97000.0,0
Richard Eckersley,2012,D,TOR,33,32,2802,0,2,0.0,0.06,0,0,0,0,1,1,210000.0,390000.0,2
Richard Eckersley,2013,D,TOR,16,16,1438,0,0,0.0,0.0,0,0,0,0,0,0,210000.0,310000.0,0
Richard Mulrooney,2007,M,HOU,34,31,2911,0,6,0.0,0.41000000000000003,0,3,0,0,3,3,440000.0,466400.0,6
Richard Mulrooney,2008,M,HOU,25,24,2205,0,4,0.0,0.18,0,1,0,0,3,1,315000.0,315000.0,4
Richard Mulrooney,2009,M,HOU,14,14,1260,1,1,0.07,0.07,1,0,0,1,0,1,330750.0,330750.0,2
Richard Mulrooney,2010,M,HOU,23,19,1671,0,3,0.0,0.16,0,1,0,0,3,0,120000.0,125000.0,3
Ritchie Kotschau,2007,D,RSL,20,18,1664,0,0,0.0,0.0,0,0,0,0,0,0,69300.0,70175.0,0
Rob Lovejoy,2015,F,HOU,17,2,337,1,1,0.27,0.27,0,0,1,0,1,0,50000.0,50000.0,2
Rob Lovejoy,2016,F,HOU,2,0,14,0,0,0.0,0.0,0,0,0,0,0,0,52500.0,52500.0,0
Rob Valentino,2009,D,COL,0,0,0,0,0,0.0,0.0,0,0,0,0,0,0,39600.0,57100.0,0
Rob Vincent,2016,M-F,DC,21,13,1227,2,0,0.16,0.0,0,0,1,1,0,0,125016.0,125016.0,2
Rob Vincent,2017,M-F,DC,2,0,66,0,0,0.0,0.0,0,0,0,0,0,0,65633.4,65633.4,0
Robbie Findley,2013,F,RSL,30,21,1637,8,3,0.9099999999999999,0.38,1,1,5,3,3,0,350000.0,411000.0,11
Robbie Findley,2014,F,RSL,17,8,789,1,0,0.12,0.0,0,0,1,0,0,0,430000.0,491000.0,1
Robbie Findley,2015,F,TOR,26,19,1548,2,3,0.12,0.18,1,0,1,1,2,1,450000.0,511000.0,5
Robbie Rogers,2007,D,CLB,10,6,597,3,1,0.45,0.15,1,0,0,3,0,1,50000.0,50000.0,4
Robbie Rogers,2008,D,CLB,31,30,2692,7,3,0.48,0.12,3,1,5,2,1,2,115000.0,115000.0,10
Robbie Rogers,2009,D,CLB,24,21,1820,1,5,0.05,0.26,0,4,0,1,2,3,185000.0,185000.0,6
Robbie Rogers,2010,D,CLB,22,19,1727,2,0,0.56,0.0,2,0,2,0,0,0,230000.0,230000.0,2
Robbie Rogers,2011,D,CLB,28,25,2308,2,7,0.08,0.28,1,1,1,1,4,3,280000.0,280000.0,9
Robbie Rogers,2016,D,LA,24,22,1955,1,2,0.05,0.11,0,1,0,1,1,1,440000.0,457000.0,3
Robbie Russell,2008,D,RSL,14,9,890,0,2,0.0,0.87,0,1,0,0,1,1,190032.0,201534.86,2
Robbie Russell,2009,D,RSL,23,21,1892,0,2,0.0,0.12,0,1,0,0,1,1,195167.0,206669.86,2
Robbie Russell,2010,D,RSL,24,23,2061,1,5,0.05,0.23,0,2,1,0,4,1,228000.0,239502.86,6
Robbie Russell,2011,D,RSL,29,25,2059,0,2,0.0,0.1,0,1,0,0,2,0,256500.0,268002.86,2
Robert Earnshaw,2013,F,TOR,26,23,1883,8,0,0.38,0.0,2,0,5,3,0,0,138000.0,155150.0,8
Robert Earnshaw,2014,F,CHI,5,1,174,3,0,1.55,0.0,1,0,1,2,0,0,204000.0,206250.0,3
Robert Earnshaw,2015,F,VAN,10,0,51,2,0,4.19,0.0,1,0,2,0,0,0,200000.0,200000.0,2
Roberto Mina,2007,F,DAL,0,0,0,0,0,0.0,0.0,0,0,0,0,0,0,160000.0,160000.0,0
Rodney Wallace,2011,D,POR,25,22,1973,2,2,0.09,0.09,1,0,2,0,0,2,90000.0,139000.0,4
Rodney Wallace,2012,D,POR,19,14,1224,1,1,0.07,0.07,0,0,1,0,0,1,110000.0,159000.0,2
Rodney Wallace,2013,D,POR,31,25,2271,7,8,0.32,0.87,3,3,3,4,7,1,250000.0,300000.0,15
Rodney Wallace,2014,D,POR,17,12,1058,5,1,0.43,0.09,2,0,2,3,1,0,150000.0,175000.0,6
Rodney Wallace,2015,D,POR,37,28,2425,3,8,0.45,0.52,1,5,2,1,3,5,330000.0,380000.0,11
Rodolfo Espinoza,2010,M,CHV,15,14,1156,1,3,0.08,0.23,0,1,1,0,2,1,216000.0,218500.0,4
Rodrigo Ramos,2016,D,CHI,21,16,1484,0,3,0.0,0.18,0,0,0,0,1,2,80000.0,84000.0,3
Rodrigo Saravia,2016,M,CLB,10,1,208,0,0,0.0,0.0,0,0,0,0,0,0,62500.0,62500.0,0
Roger Levesque,2009,M,SEA,16,2,340,2,0,0.69,0.0,1,0,0,2,0,0,80016.0,80016.0,2
Roger Levesque,2010,M,SEA,16,5,510,1,0,0.18,0.0,1,0,0,1,0,0,80000.16,80000.16,1
Roger Levesque,2011,M,SEA,21,9,1144,3,2,0.25,0.17,1,1,3,0,2,0,88000.0,88000.0,5
Roger Torres,2010,M,PHI,21,10,958,0,6,0.0,0.56,0,0,0,0,2,4,96000.0,99125.0,6
Roger Torres,2011,M,PHI,27,9,976,3,2,0.29,0.19,1,2,3,0,2,0,211200.0,217450.0,5
Roger Torres,2012,M,PHI,10,1,181,0,2,0.0,0.99,0,0,0,0,1,1,116160.0,119285.0,2
Roger Torres,2013,M,PHI,5,0,68,0,0,0.0,0.0,0,0,0,0,0,0,121968.0,125093.0,0
Roland Alberg,2016,M,PHI,29,13,1173,9,3,0.7,0.23,3,1,7,2,2,1,656000.0,754500.0,12
Roland Alberg,2017,M,PHI,24,9,871,7,1,0.72,0.1,0,0,5,2,1,0,345000.0,394250.0,8
Roland Lamah,2017,M,DAL,32,29,2157,11,3,0.46,0.13,2,1,10,1,0,3,630000.0,773500.0,14
Rolando Escobar,2015,M,DAL,14,2,398,0,0,0.0,0.0,0,0,0,0,0,0,360000.0,370000.0,0
Romain Gall,2014,M,CLB,3,0,43,0,0,0.0,0.0,0,0,0,0,0,0,97008.0,103771.86,0
Romain Gall,2015,M,CLB,0,0,0,0,0,0.0,0.0,0,0,0,0,0,0,120000.0,126840.16,0
Romario Williams,2015,F,MTL,2,0,7,0,0,0.0,0.0,0,0,0,0,0,0,130000.0,174000.0,0
Romario Williams,2016,F,MTL,0,0,0,0,0,0.0,0.0,0,0,0,0,0,0,150000.0,194000.0,0
Ross Friedman,2014,D,CLB,0,0,0,0,0,0.0,0.0,0,0,0,0,0,0,73000.0,73000.0,0
Ross LaBauex,2010,M,COL,5,1,76,0,0,0.0,0.0,0,0,0,0,0,0,80000.0,80000.0,0
Ross LaBauex,2011,M,COL,13,5,409,0,0,0.0,0.0,0,0,0,0,0,0,88000.0,88000.0,0
Ross Schunk,2009,F,COL,3,0,10,0,0,0.0,0.0,0,0,0,0,0,0,20100.0,20100.0,0
Ross Schunk,2010,F,COL,0,0,0,0,0,0.0,0.0,0,0,0,0,0,0,80000.0,80000.0,0
Roy Miller,2017,D,POR,27,26,2314,1,1,0.04,0.04,1,1,0,1,1,0,300000.0,300000.0,2
Ruben Luna,2010,F,DAL,5,0,61,0,0,0.0,0.0,0,0,0,0,0,0,90000.0,94000.0,0
Ruben Luna,2011,F,DAL,15,2,407,1,1,0.22,0.22,0,1,0,1,1,0,110000.0,159583.34,2
Ruben Luna,2012,F,DAL,7,2,208,1,0,0.43,0.0,0,0,1,0,0,0,60000.0,84791.67,1
Russell Teibert,2011,M,VAN,11,5,503,0,0,0.0,0.0,0,0,0,0,0,0,50004.0,55604.0,0
Russell Teibert,2012,M,VAN,4,1,117,0,0,0.0,0.0,0,0,0,0,0,0,110000.0,121200.0,0
Russell Teibert,2013,M,VAN,24,19,1777,2,9,0.1,0.46,1,2,2,0,5,4,60000.0,65600.0,11
Russell Teibert,2014,M,VAN,29,22,1971,0,2,0.0,0.09,0,0,0,0,0,2,70000.0,75600.0,2
Russell Teibert,2015,M,VAN,24,16,1436,0,1,0.0,0.07,0,1,0,0,0,1,200000.0,335000.0,1
Russell Teibert,2016,M,VAN,11,8,696,0,0,0.0,0.0,0,0,0,0,0,0,115000.0,182500.0,0
Russell Teibert,2017,M,VAN,12,8,731,0,0,0.0,0.0,0,0,0,0,0,0,253000.0,388000.0,0
Rusty Pierce,2007,D,CLB,21,19,1580,0,1,0.0,0.06,0,0,0,0,1,0,63000.0,64300.0,1
Ryan Cochrane,2007,D,HOU,29,29,2449,1,1,0.04,0.23,0,0,0,1,1,0,102298.0,132298.0,2
Ryan Cochrane,2009,D,HOU,8,6,549,0,2,0.0,0.33,0,0,0,0,0,2,290000.0,292500.0,2
Ryan Cochrane,2010,D,HOU,12,5,569,0,0,0.0,0.0,0,0,0,0,0,0,100000.0,100000.0,0
Ryan Finley,2013,F,CLB,14,3,430,1,1,0.21,0.21,1,0,1,0,1,0,46500.0,74000.0,2
Ryan Finley,2014,F,CHV,16,4,437,1,0,0.21,0.0,0,0,1,0,0,0,51150.0,78650.0,1
Ryan Hollingshead,2014,M,DAL,12,4,290,0,0,0.0,0.0,0,0,0,0,0,0,97000.0,97000.0,0
Ryan Hollingshead,2015,M,DAL,37,29,2557,3,3,0.31,0.12,0,1,1,2,2,1,120000.0,120000.0,6
Ryan Hollingshead,2016,M,DAL,31,23,2130,2,0,0.09,0.0,0,0,2,0,0,0,245000.0,245000.0,2
Ryan Hollingshead,2017,M,DAL,18,9,820,0,0,0.0,0.0,0,0,0,0,0,0,132500.0,132500.0,0
Ryan Johnson,2012,F,TOR,31,31,2769,7,5,0.23,0.16,0,0,2,5,1,4,137813.0,137813.0,12
Ryan Johnson,2013,F,POR,33,24,2000,10,4,0.8500000000000001,0.2,1,1,7,3,1,3,289408.0,289408.0,14
Ryan Junge,2007,D,CLB,1,0,15,0,0,0.0,0.0,0,0,0,0,0,0,12900.0,12900.0,0
Ryan Junge,2008,D,CLB,5,3,283,0,0,0.0,0.0,0,0,0,0,0,0,25800.0,25800.0,0
Ryan Kawulok,2012,D,POR,0,0,0,0,0,0.0,0.0,0,0,0,0,0,0,33750.0,33750.0,0
Ryan Miller,2013,D,POR,7,4,350,0,0,0.0,0.0,0,0,0,0,0,0,120000.0,130000.0,0
Ryan Pore,2011,M,POR,8,2,200,0,0,0.0,0.0,0,0,0,0,0,0,80000.0,80000.0,0
Ryan Richter,2011,D,PHI,0,0,0,0,0,0.0,0.0,0,0,0,0,0,0,65208.0,65208.0,0
Ryan Richter,2013,D,TOR,13,12,1118,0,1,0.0,0.08,0,0,0,0,1,0,35125.0,35125.0,1
Ryan Richter,2014,D,TOR,0,0,0,0,0,0.0,0.0,0,0,0,0,0,0,48500.0,48500.0,0
Ryan Smith,2012,M,CHV,21,12,1215,0,4,0.0,0.3,0,1,0,0,0,4,160000.0,205666.67,4
Sagi Lev-Ari,2015,F,CLB,0,0,0,0,0,0.0,0.0,0,0,0,0,0,0,60000.0,60000.0,0
Sal Zizzo,2010,D,CHV,10,1,254,0,1,0.0,0.35,0,0,0,0,1,0,60000.0,68250.0,1
Sal Zizzo,2011,D,POR,30,14,1515,0,3,0.0,0.18,0,0,0,0,2,1,65000.0,73250.0,3
Sal Zizzo,2012,D,POR,20,12,1174,1,4,0.08,0.31,0,1,0,1,1,3,73125.0,81414.06,5
Sal Zizzo,2013,D,POR,10,2,255,1,0,0.35,0.0,0,0,0,1,0,0,153562.0,171975.54,1
Sam Cronin,2015,M,COL,26,24,2143,1,0,0.04,0.0,0,0,1,0,0,0,200000.0,202500.0,1
Sam Cronin,2016,M,COL,36,36,3224,1,4,0.03,0.39,0,2,1,0,3,1,450000.0,455000.0,5
Sam Hamilton,2017,M,COL,3,1,124,0,0,0.0,0.0,0,0,0,0,0,0,65004.0,65004.0,0
Sammy Ochoa,2011,F,SEA,6,1,177,2,0,1.8,0.0,0,0,1,1,0,0,84000.0,89000.0,2
Sammy Ochoa,2012,F,SEA,10,4,381,1,1,0.28,0.28,0,0,0,1,1,0,110000.0,115000.0,2
Samuel Appiah,2010,M,HOU,2,0,37,1,0,2.43,0.0,0,0,1,0,0,0,40000.0,40000.0,1
Sandy Gbandi,2007,M,DAL,0,0,0,0,0,0.0,0.0,0,0,0,0,0,0,25800.0,25800.0,0
Sanna Nyassi,2009,M,SEA,15,2,321,0,0,0.0,0.0,0,0,0,0,0,0,40200.0,40200.0,0
Sanna Nyassi,2010,M,SEA,26,16,1360,2,3,0.15,0.22,1,3,1,1,1,2,80000.0,80000.0,5
Sanna Nyassi,2011,M,COL,29,20,1855,5,5,0.28,0.28,1,1,3,2,4,1,84000.0,84000.0,10
Sanna Nyassi,2012,M,MTL,28,17,1716,6,3,0.31,0.16,2,0,3,3,2,1,125000.0,132625.0,9
Sanna Nyassi,2013,M,MTL,22,11,1162,1,1,0.08,0.08,0,0,0,1,0,1,280000.0,295250.0,2
Sanna Nyassi,2014,M,CHI,14,10,739,2,1,0.24,0.12,0,0,0,2,1,0,147000.0,154625.0,3
Santiago Gonzalez,2014,F,MTL,9,0,80,0,0,0.0,0.0,0,0,0,0,0,0,50000.0,50000.0,0
Santiago Prim,2011,M,CLB,0,0,0,0,0,0.0,0.0,0,0,0,0,0,0,65200.0,65200.0,0
Sasha Victorine,2008,M,CHV,21,16,1466,3,1,0.18,0.06,1,0,2,1,1,0,302500.0,307500.0,4
Sasha Victorine,2009,M,CHV,10,4,470,0,1,0.0,0.19,0,0,0,0,0,1,125000.0,135000.0,1
Schillo Tshuma,2014,F,POR,0,0,0,0,0,0.0,0.0,0,0,0,0,0,0,75000.0,113000.0,0
Scott Caldwell,2013,M,NE,31,23,2268,0,2,0.0,0.08,0,0,0,0,1,1,93000.0,108000.0,2
Scott Caldwell,2014,M,NE,31,19,1971,0,4,0.0,0.55,0,1,0,0,1,3,104626.0,119626.0,4
Scott Caldwell,2015,M,NE,35,33,2969,2,5,0.06,0.16,0,2,1,1,4,1,120000.0,135000.0,7
Scott Caldwell,2016,M,NE,32,31,2622,0,3,0.0,0.1,0,2,0,0,3,0,100000.0,110000.0,3
Scott Caldwell,2017,M,NE,33,26,2195,1,5,0.04,0.21,1,2,1,0,5,0,115000.0,125000.0,6
Scott Jones,2007,M,DAL,0,0,0,0,0,0.0,0.0,0,0,0,0,0,0,25800.0,25800.0,0
Scott Palguta,2009,D,COL,23,19,1749,0,0,0.0,0.0,0,0,0,0,0,0,54999.96,54999.96,0
Scott Palguta,2010,D,COL,16,5,560,0,0,0.0,0.0,0,0,0,0,0,0,115500.0,115500.0,0
Scott Palguta,2011,D,COL,11,6,671,2,0,0.33,0.0,2,0,1,1,0,0,121276.0,121276.0,2
Scott Palguta,2012,D,COL,2,1,116,0,0,0.0,0.0,0,0,0,0,0,0,63670.0,63670.0,0
Scott Sealy,2012,F,DAL,16,8,641,2,0,0.28,0.0,0,0,1,1,0,0,50004.0,50004.0,2
Scott Sutter,2017,D,ORL,32,30,2729,1,4,0.03,0.13,0,0,0,1,2,2,240000.0,240000.0,5
Sean Franklin,2016,D,DC,29,29,2494,1,2,0.04,0.07,0,0,1,0,1,1,450000.0,513333.34,3
Sean Franklin,2017,D,DC,19,15,1415,0,2,0.0,0.13,0,1,0,0,0,2,258756.0,283756.0,2
Sean Okoli,2014,F,SEA,3,0,19,0,0,0.0,0.0,0,0,0,0,0,0,97000.0,97500.0,0
Sean St. Ledger,2015,D,COL,27,26,2261,0,2,0.0,0.08,0,1,0,0,2,0,124992.0,147492.0,2
Sean St. Ledger,2016,D,COL,0,0,0,0,0,0.0,0.0,0,0,0,0,0,0,383750.0,388750.0,0
Sebastian Blanco,2017,M-F,POR,34,32,2818,8,8,0.26,0.26,1,4,3,5,5,3,2000016.0,2150016.0,16
Sebastian Fernandez,2014,F,VAN,32,24,1968,5,0,0.23,0.0,3,0,4,1,0,0,143000.0,143000.0,5
Sebastian Giovinco,2015,F,TOR,34,33,2865,22,16,0.71,0.52,7,1,12,10,9,7,11200000.0,14231111.34,38
Sebastian Giovinco,2016,F,TOR,34,34,2975,21,19,1.28,1.21,5,6,11,10,9,10,11200000.0,14231111.34,40
Sebastian Giovinco,2017,F,TOR,29,29,2417,17,7,0.95,0.51,5,3,10,7,6,1,11200000.0,14231111.34,24
Sebastian Hines,2015,D,ORL,23,21,1925,1,0,0.05,0.0,1,0,1,0,0,0,108576.0,109826.0,1
Sebastian Hines,2016,D,ORL,26,23,2105,3,0,0.13,0.0,0,0,3,0,0,0,150000.0,151250.0,3
Sebastian Hines,2017,D,ORL,6,5,443,1,0,0.2,0.0,1,0,1,0,0,0,129996.0,129996.0,1
Sebastian Jaime,2014,F,RSL,7,3,281,0,0,0.0,0.0,0,0,0,0,0,0,432000.0,432000.0,0
Sebastian Jaime,2015,F,RSL,20,17,1267,5,2,0.36,0.14,0,0,4,1,1,1,200000.0,266666.67,7
Sebastian Lletget,2015,M,LA,21,18,1525,8,2,1.6099999999999999,0.12,1,0,5,3,2,0,190000.08,201000.08,10
Sebastian Lletget,2016,M,LA,34,26,2357,1,8,0.04,0.35,0,1,0,1,4,4,220000.0,231000.0,9
Sebastian Lletget,2017,M,LA,3,3,270,0,0,0.0,0.0,0,0,0,0,0,0,230000.0,242666.67,0
Sebastian Saucedo,2015,F,RSL,9,1,168,0,0,0.0,0.0,0,0,0,0,0,0,50000.0,60500.0,0
Sebastian Saucedo,2017,F,RSL,20,5,573,0,2,0.0,0.31,0,0,0,0,1,1,90000.0,100500.0,2
Sebastian Velasquez,2013,M,RSL,24,11,1134,1,3,0.37,0.3,1,1,1,0,3,0,93000.0,93000.0,4
Sebastian Velasquez,2014,M,RSL,10,1,222,1,2,0.41,0.81,0,1,1,0,1,1,97650.0,97650.0,3
Sergio Camargo,2017,M,TOR,0,0,0,0,0,0.0,0.0,0,0,0,0,0,0,130008.0,130008.0,0
Servando Carrasco,2011,M,SEA,12,7,689,0,0,0.0,0.0,0,0,0,0,0,0,84000.0,84000.0,0
Servando Carrasco,2012,M,SEA,9,2,235,0,0,0.0,0.0,0,0,0,0,0,0,88200.0,88200.0,0
Servando Carrasco,2013,M,HOU,23,13,1271,1,1,0.07,0.07,0,0,1,0,1,0,93000.0,93000.0,2
Servando Carrasco,2014,M,HOU,16,9,784,0,0,0.0,0.0,0,0,0,0,0,0,48825.0,48825.0,0
Servando Carrasco,2016,M,ORL,31,21,2001,0,2,0.0,0.09,0,0,0,0,2,0,95000.0,99625.0,2
Servando Carrasco,2017,M,ORL,15,9,833,1,0,0.11,0.0,1,0,1,0,0,0,114996.0,114996.0,1
Seth Sinovic,2010,D,NE,20,18,1580,0,0,0.0,0.0,0,0,0,0,0,0,40000.0,40000.0,0
Seyi Adekoya,2017,F,SEA,2,1,77,0,0,0.0,0.0,0,0,0,0,0,0,106008.0,106008.0,0
Shalrie Joseph,2012,M,CHV,30,27,2561,3,4,0.11,0.14,0,1,1,2,0,4,495000.0,554333.33,7
Shalrie Joseph,2013,M,SEA,12,7,654,1,1,0.15,1.45,0,0,0,1,1,0,120000.0,211000.0,2
Shamit Shome,2017,M,MTL,1,0,8,0,0,0.0,0.0,0,0,0,0,0,0,100000.08,128500.08,0
Shaun Francis,2010,D,CLB,14,12,1203,0,1,0.0,0.09,0,0,0,0,0,1,80000.0,80000.0,1
Shaun Francis,2011,D,CLB,6,5,428,0,0,0.0,0.0,0,0,0,0,0,0,84000.0,84000.0,0
Shaun Francis,2013,D,CHI,1,1,90,0,0,0.0,0.0,0,0,0,0,0,0,46500.0,46500.0,0
Shavar Thomas,2007,D,CHV,25,25,2217,0,0,0.0,0.0,0,0,0,0,0,0,140000.0,147500.0,0
Shavar Thomas,2008,D,CHV,21,20,1733,0,0,0.0,0.0,0,0,0,0,0,0,190000.0,197500.0,0
Shavar Thomas,2009,D,CHV,18,18,1549,0,0,0.0,0.0,0,0,0,0,0,0,209000.0,216500.0,0
Shavar Thomas,2012,D,MTL,15,13,1255,0,0,0.0,0.0,0,0,0,0,0,0,80000.0,94666.67,0
Shawn Sloan,2013,M,CLB,0,0,0,0,0,0.0,0.0,0,0,0,0,0,0,35125.0,35125.0,0
Shea Salinas,2008,M,SJ,23,2,544,2,0,0.33,0.0,0,0,1,1,0,0,33000.0,33000.0,2
Shea Salinas,2009,M,SJ,23,13,1306,0,5,0.0,0.34,0,0,0,0,3,2,36300.0,36300.0,5
Shea Salinas,2012,M,SJ,21,11,1153,1,7,0.08,0.57,0,2,0,1,6,1,164000.0,175950.16,8
Shea Salinas,2013,M,SJ,28,24,1982,2,8,0.09,0.36,1,4,2,0,5,3,93975.0,100219.15,10
Shea Salinas,2014,M,SJ,31,30,2470,1,8,0.04,0.29,0,2,1,0,5,3,130000.0,133333.33,9
Shea Salinas,2015,M,SJ,34,29,2621,3,5,0.1,0.17,1,2,2,1,2,3,145000.0,148333.33,8
Shea Salinas,2016,M,SJ,33,8,1223,1,5,0.07,0.37,0,1,0,1,4,1,163125.0,166458.33,6
Shea Salinas,2017,M,SJ,26,16,1525,1,3,0.06,0.19,1,2,1,0,2,1,370000.0,370000.0,4
Sheanon Williams,2011,D-M,PHI,34,34,3008,1,3,0.03,0.1,0,0,0,1,2,1,84000.0,84000.0,4
Sheanon Williams,2012,D-M,PHI,28,28,2486,1,2,0.04,0.07,0,1,0,1,1,1,85000.0,90500.0,3
Sheanon Williams,2013,D-M,PHI,32,32,2867,2,8,0.06,0.25,0,3,2,0,5,3,105000.0,110500.0,10
Sheanon Williams,2014,D-M,PHI,24,23,2088,3,4,0.13,0.17,1,3,3,0,2,2,125000.0,130500.0,7
Sheanon Williams,2015,D-M,HOU,31,27,2428,0,4,0.0,0.15,0,3,0,0,4,0,145000.0,150500.0,4
Sheanon Williams,2016,D-M,HOU,22,20,1807,0,1,0.0,0.05,0,0,0,0,1,0,162500.0,171500.0,1
Sheanon Williams,2017,D-M,VAN,15,15,1349,0,3,0.0,0.2,0,1,0,0,2,1,350000.0,368000.0,3
Sherjill MacDonald,2012,F,CHI,15,13,1123,4,4,0.35,0.35,2,0,2,2,2,2,720000.0,974250.0,8
Shkelzen Gashi,2016,M-F,COL,30,29,2421,10,4,0.6799999999999999,0.17,3,0,2,8,1,3,3150000.0,3337500.0,14
Shkelzen Gashi,2017,M-F,COL,17,12,1034,2,1,0.17,0.09,1,1,2,0,1,0,1575000.0,1668750.0,3
Sidney Rivera,2015,F,ORL,0,0,0,0,0,0.0,0.0,0,0,0,0,0,0,50000.0,50000.0,0
Simon Dawkins,2017,M,SJ,14,7,637,0,0,0.0,0.0,0,0,0,0,0,0,1600000.0,1600000.0,0
Sinisa Ubiparipovic,2012,F-M,MTL,12,3,325,2,0,0.55,0.0,0,0,2,0,0,0,55000.0,55000.0,2
Sinisa Ubiparipovic,2013,F-M,MTL,1,0,5,0,0,0.0,0.0,0,0,0,0,0,0,115500.0,115500.0,0
Spencer Thompson,2011,F,POR,0,0,0,0,0,0.0,0.0,0,0,0,0,0,0,32604.0,32604.0,0
Spencer Wadsworth,2008,M-F,DAL,0,0,0,0,0,0.0,0.0,0,0,0,0,0,0,12900.0,12900.0,0
Stanley Nyazamba,2008,M,CLB,0,0,0,0,0,0.0,0.0,0,0,0,0,0,0,25800.0,25800.0,0
Stanley Nyazamba,2009,M,CLB,0,0,0,0,0,0.0,0.0,0,0,0,0,0,0,68000.0,68000.0,0
Stefan Dimitrov,2009,F,CHI,7,1,124,0,0,0.0,0.0,0,0,0,0,0,0,68016.0,68016.0,0
Stefan Dimitrov,2010,F,CHI,5,1,67,0,0,0.0,0.0,0,0,0,0,0,0,40000.0,40000.0,0
Stefani Miglioranzi,2007,M,CLB,23,17,1621,3,2,0.17,0.11,1,1,1,2,1,1,70008.0,86258.0,5
Stefani Miglioranzi,2008,M,CLB,14,7,471,0,1,0.0,0.19,0,1,0,0,0,1,152400.0,168400.0,1
Stefani Miglioranzi,2010,M,PHI,26,25,2097,0,0,0.0,0.0,0,0,0,0,0,0,125000.0,148125.0,0
Stefani Miglioranzi,2011,M,PHI,18,12,1042,0,0,0.0,0.0,0,0,0,0,0,0,260000.0,306250.0,0
Stephen Keel,2007,D,COL,4,1,177,0,0,0.0,0.0,0,0,0,0,0,0,17700.0,17700.0,0
Stephen Keel,2008,D,COL,6,6,540,0,0,0.0,0.0,0,0,0,0,0,0,17700.0,17700.0,0
Stephen Keel,2013,D,DAL,8,5,497,1,0,0.18,0.0,0,0,0,1,0,0,46500.0,46500.0,1
Stephen Keel,2014,D,DAL,16,14,1307,0,1,0.0,0.07,0,1,0,0,1,0,97650.0,97650.0,1
Stephen Keel,2015,D,DAL,0,0,0,0,0,0.0,0.0,0,0,0,0,0,0,120000.0,120000.0,0
Stephen King,2008,M,CHI,21,8,859,2,1,0.21,0.11,1,0,1,1,1,0,35400.0,35400.0,3
Stephen King,2009,M,SEA,10,3,433,0,0,0.0,0.0,0,0,0,0,0,0,68000.0,68000.0,0
Stephen Wondolowski,2008,D,HOU,0,0,0,0,0,0.0,0.0,0,0,0,0,0,0,25800.0,25800.0,0
Steve Purdy,2011,D,POR,8,8,720,0,0,0.0,0.0,0,0,0,0,0,0,42000.0,42000.0,0
Steve Purdy,2012,D,POR,3,3,188,0,0,0.0,0.0,0,0,0,0,0,0,44000.0,44000.0,0
Steve Zakuani,2009,M,SEA,31,26,2142,4,4,0.18,0.18,2,1,1,3,3,1,130000.0,326000.0,8
Steve Zakuani,2010,M,SEA,31,29,2465,11,6,0.89,0.24,1,4,6,5,3,3,160000.0,356000.0,17
Steve Zakuani,2011,M,SEA,6,6,453,2,2,0.4,0.4,1,0,2,0,0,2,180000.0,376000.0,4
Steve Zakuani,2012,M,SEA,11,5,419,1,1,0.28,0.28,0,0,1,0,0,1,220000.0,416000.0,2
Steve Zakuani,2013,M,SEA,8,6,492,0,1,0.0,0.18,0,0,0,0,1,0,270000.0,466000.0,1
Steve Zakuani,2014,M,POR,17,9,739,0,3,0.0,0.37,0,0,0,0,2,1,120000.0,120000.0,3
Steven Beitashour,2014,D,VAN,27,27,2371,0,3,0.0,0.11,0,1,0,0,2,1,170000.0,177166.67,3
Steven Beitashour,2015,D,VAN,29,29,2596,0,5,0.0,0.19,0,1,0,0,1,4,380000.0,394333.34,5
Steven Beitashour,2016,D,TOR,35,35,3137,0,3,0.0,0.35,0,0,0,0,1,2,460000.0,488000.0,3
Steven Beitashour,2017,D,TOR,27,22,2013,0,5,0.0,0.28,0,1,0,0,3,2,500000.0,528000.0,5
Steven Birnbaum,2014,D,DC,23,23,2070,0,1,0.0,0.5,0,1,0,0,1,0,110000.0,170000.0,1
Steven Birnbaum,2015,D,DC,25,24,2092,2,0,0.1,0.0,0,0,1,1,0,0,132000.0,192000.0,2
Steven Birnbaum,2016,D,DC,27,27,2430,3,2,0.12,0.08,1,0,2,1,2,0,172700.0,232700.0,5
Steven Birnbaum,2017,D,DC,26,25,2249,0,0,0.0,0.0,0,0,0,0,0,0,474996.0,499996.0,0
Steven Caldwell,2013,D,TOR,23,23,2066,1,1,0.04,0.04,0,0,1,0,0,1,79999.98,89999.98,2
Steven Caldwell,2014,D,TOR,21,21,1774,0,0,0.0,0.0,0,0,0,0,0,0,325000.0,364166.67,0
Steven Curfman,2007,M,RSL,0,0,0,0,0,0.0,0.0,0,0,0,0,0,0,12900.0,12900.0,0
Steven Emory,2011,M,COL,0,0,0,0,0,0.0,0.0,0,0,0,0,0,0,65208.0,65208.0,0
Steven Evans,2013,M,POR,0,0,0,0,0,0.0,0.0,0,0,0,0,0,0,93000.0,93000.0,0
Steven Evans,2014,M,POR,0,0,0,0,0,0.0,0.0,0,0,0,0,0,0,48825.0,53825.0,0
Steven Kinney,2010,D,CHI,13,10,963,1,1,0.09,0.09,1,1,0,1,1,0,40000.0,40000.0,2
Steven Kinney,2011,D,CHI,0,0,0,0,0,0.0,0.0,0,0,0,0,0,0,42000.0,42000.0,0
Steven Kinney,2012,D,CHI,0,0,0,0,0,0.0,0.0,0,0,0,0,0,0,88200.0,88200.0,0
Steven Kinney,2013,D,CHI,2,2,180,0,0,0.0,0.0,0,0,0,0,0,0,46500.0,46500.0,0
Steven Kinney,2014,D,CHI,2,2,135,0,0,0.0,0.0,0,0,0,0,0,0,48825.0,48825.0,0
Steven Lenhart,2008,F,CLB,12,3,286,5,0,12.54,0.0,1,0,1,4,0,0,25800.0,25800.0,5
Steven Lenhart,2009,F,CLB,28,11,1171,3,2,0.25,0.17,0,0,3,0,2,0,68000.0,72666.68,5
Steven Lenhart,2010,F,CLB,29,18,1738,6,2,0.33,0.11,1,0,1,5,1,1,80000.0,84666.68,8
Steven Smith,2012,D,POR,22,22,1875,0,2,0.0,0.1,0,0,0,0,1,1,108000.0,120500.0,2
Stuart Holden,2007,M,HOU,26,11,1180,6,5,1.04,0.44,3,2,3,3,3,2,63000.0,63000.0,11
Stuart Holden,2008,M,HOU,29,18,1694,3,5,0.16,2.3600000000000003,2,2,3,0,4,1,66150.0,66150.0,8
Stuart Holden,2009,M,HOU,29,29,2670,6,4,0.23,0.15,5,2,4,2,3,1,69457.5,69457.5,10
Taylor Graham,2009,D,SEA,0,0,0,0,0,0.0,0.0,0,0,0,0,0,0,110000.0,110000.0,0
Taylor Graham,2010,D,SEA,1,0,1,0,0,0.0,0.0,0,0,0,0,0,0,115500.0,115500.0,0
Taylor Graham,2011,D,SEA,0,0,0,0,0,0.0,0.0,0,0,0,0,0,0,121276.0,121276.0,0
Taylor Hunter,2015,M,HOU,1,1,90,0,0,0.0,0.0,0,0,0,0,0,0,50000.0,50000.0,0
Taylor Hunter,2017,M,HOU,0,0,0,0,0,0.0,0.0,0,0,0,0,0,0,106008.0,106008.0,0
Taylor Kemp,2016,D,DC,32,31,2835,2,6,1.03,0.2,0,2,2,0,5,1,200000.0,200000.0,8
Taylor Kemp,2017,D,DC,22,22,1980,0,0,0.0,0.0,0,0,0,0,0,0,120000.0,120000.0,0
Taylor Peay,2014,D,POR,0,0,0,0,0,0.0,0.0,0,0,0,0,0,0,36500.04,36500.04,0
Taylor Peay,2015,D,POR,5,3,319,0,0,0.0,0.0,0,0,0,0,0,0,100000.0,100000.0,0
Taylor Peay,2016,D,POR,2,1,109,0,0,0.0,0.0,0,0,0,0,0,0,53472.0,53472.0,0
Teal Bunbury,2014,F,NE,36,33,2926,6,8,0.53,0.6,1,2,4,2,4,4,270000.0,466000.0,14
Teal Bunbury,2015,F,NE,31,20,1826,4,5,0.2,0.25,2,0,3,1,2,3,390000.0,480000.0,9
Teal Bunbury,2016,F,NE,27,19,1666,2,2,0.11,0.11,0,1,0,2,1,1,205000.0,250000.0,4
Teal Bunbury,2017,F,NE,28,13,1279,7,1,0.49,0.07,2,1,5,2,1,0,215000.0,260000.0,8
Terry Cooke,2007,M,COL,29,28,2288,0,7,0.0,0.28,0,2,0,0,4,3,147500.0,152500.0,7
Terry Cooke,2008,M,COL,24,18,1698,1,12,0.05,0.64,1,1,1,0,7,5,167500.0,172500.0,13
Terry Dunfield,2012,M,TOR,30,30,2493,3,0,0.11,0.0,1,0,1,2,0,0,86000.0,86000.0,3
Thomas Piermayr,2014,D,COL,14,14,1146,0,0,0.0,0.0,0,0,0,0,0,0,70008.0,74429.56,0
Tiago Ulisses,2012,M,VAN,0,0,0,0,0,0.0,0.0,0,0,0,0,0,0,180000.0,207705.0,0
Tim Ward,2007,D,CLB,6,6,539,0,0,0.0,0.0,0,0,0,0,0,0,38456.25,48456.25,0
Tim Ward,2008,D,COL,0,0,0,0,0,0.0,0.0,0,0,0,0,0,0,44620.0,54620.0,0
Tim Ward,2009,D,CHI,19,19,1685,0,3,0.0,0.16,0,1,0,0,1,2,90000.0,90000.0,3
Timo Pitter,2016,M-F,DAL,1,0,9,0,0,0.0,0.0,0,0,0,0,0,0,103008.0,103008.0,0
Tino Nunez,2008,F,RSL,9,2,263,1,0,0.34,0.0,1,0,1,0,0,0,35400.0,35400.0,1
Tino Nunez,2009,F,RSL,3,0,18,0,0,0.0,0.0,0,0,0,0,0,0,20100.0,20100.0,0
Tom McManus,2008,F,COL,22,15,1307,5,2,0.34,0.14,2,0,3,2,2,0,134400.0,140462.5,7
Tomasz Frankowski,2008,F,CHI,17,7,628,2,2,0.29,0.29,0,1,2,0,2,0,396000.0,428500.0,4
Tommy Redding,2015,D,ORL,2,1,87,0,0,0.0,0.0,0,0,0,0,0,0,85000.0,92500.0,0
Tommy Redding,2016,D,ORL,18,16,1346,0,0,0.0,0.0,0,0,0,0,0,0,95000.0,102500.0,0
Tommy Redding,2017,D,ORL,18,14,1406,0,0,0.0,0.0,0,0,0,0,0,0,110000.0,117500.0,0
Tommy Thompson,2014,D,SJ,13,8,690,0,0,0.0,0.0,0,0,0,0,0,0,140000.0,145000.0,0
Tommy Thompson,2015,D,SJ,17,4,465,0,0,0.0,0.0,0,0,0,0,0,0,140000.0,145000.0,0
Tommy Thompson,2016,D,SJ,17,9,825,0,0,0.0,0.0,0,0,0,0,0,0,150000.0,155000.0,0
Tommy Thompson,2017,D,SJ,33,17,1596,1,4,0.06,0.23,0,1,0,1,4,0,300000.0,310000.0,5
Toni Stahl,2010,M,PHI,1,1,41,0,0,0.0,0.0,0,0,0,0,0,0,40000.0,110300.0,0
Tony Alfaro,2016,D,SEA,6,1,286,0,0,0.0,0.0,0,0,0,0,0,0,103000.0,103000.0,0
Tony Alfaro,2017,D,SEA,15,8,817,0,0,0.0,0.0,0,0,0,0,0,0,108150.0,108150.0,0
Tony Cascio,2012,M,COL,29,18,1692,3,3,0.16,0.16,2,1,2,1,3,0,44000.0,77750.0,6
Tony Cascio,2013,M,COL,13,4,530,1,0,0.17,0.0,1,0,0,1,0,0,129800.0,197300.0,1
Tony Cascio,2014,M,HOU,6,4,352,0,0,0.0,0.0,0,0,0,0,0,0,71390.0,105140.0,0
Tony Cascio,2015,M,ORL,0,0,0,0,0,0.0,0.0,0,0,0,0,0,0,78529.0,112279.0,0
Tony Lochhead,2014,D,CHV,20,19,1697,0,1,0.0,0.05,0,1,0,0,1,0,125000.0,125000.0,1
Tony Sanneh,2007,D,COL,9,5,524,0,0,0.0,0.0,0,0,0,0,0,0,60000.0,60000.0,0
Tony Tchani,2011,M,CLB,16,15,1234,1,0,0.08,0.0,0,0,1,0,0,0,180000.0,388000.0,1
Tony Tchani,2012,M,CLB,22,14,1331,2,2,0.14,0.14,1,1,1,1,1,1,105000.0,209000.0,4
Tony Tchani,2013,M,CLB,22,13,1324,0,1,0.0,0.07,0,0,0,0,1,0,130000.0,155000.0,1
Tony Tchani,2014,M,CLB,35,35,3122,1,6,0.5,0.18,0,2,0,1,2,4,300000.0,350000.0,7
Tony Tchani,2015,M,CLB,37,37,3195,5,6,0.16,0.19,0,3,3,2,2,4,340000.0,390000.0,11
Tony Tchani,2016,M,CLB,21,20,1791,1,3,0.05,0.15,0,0,1,0,1,2,250000.0,283333.33,4
Tony Walls,2012,D,CHI,0,0,0,0,0,0.0,0.0,0,0,0,0,0,0,67500.0,67500.0,0
Torsten Frings,2012,M,TOR,20,20,1669,2,2,0.11,0.11,1,1,1,1,2,0,2000000.0,2413666.67,4
Tranquillo Barnetta,2015,M,PHI,11,9,765,1,3,0.12,0.35,1,1,1,0,1,2,624000.0,661500.0,4
Tranquillo Barnetta,2016,M,PHI,30,26,2401,5,4,0.19,0.16,1,2,3,2,3,1,1300000.0,1375000.0,9
Tristan Bowen,2011,F,CHV,3,0,60,0,0,0.0,0.0,0,0,0,0,0,0,75000.0,106363.63,0
Tristan Bowen,2012,F,CHV,5,3,248,0,2,0.0,0.73,0,0,0,0,1,1,100000.0,131363.63,2
Tristan Bowen,2013,F,CHV,22,15,1173,2,2,0.15,0.15,0,1,1,1,2,0,125000.0,156363.63,4
Tristan Bowen,2014,F,SEA,2,0,60,0,0,0.0,0.0,0,0,0,0,0,0,130000.0,140000.0,0
Tsubasa Endoh,2016,M,TOR,21,15,1387,2,0,0.13,0.0,2,0,2,0,0,0,103000.0,103000.0,2
Tsubasa Endoh,2017,M,TOR,4,3,269,0,1,0.0,0.33,0,1,0,0,1,0,108150.0,108150.0,1
Ty Harden,2009,D,COL,7,1,87,0,0,0.0,0.0,0,0,0,0,0,0,34008.0,34008.0,0
Ty Harden,2012,D,TOR,5,5,379,0,0,0.0,0.0,0,0,0,0,0,0,90000.0,98666.67,0
Ty Harden,2015,D,CHI,5,4,393,1,1,0.23,0.23,1,0,1,0,1,0,71663.0,75078.2,2
Tyler Turner,2015,D,ORL,7,5,477,0,0,0.0,0.0,0,0,0,0,0,0,60000.0,60000.0,0
Tyler Turner,2016,D,ORL,0,0,0,0,0,0.0,0.0,0,0,0,0,0,0,63000.0,63000.0,0
Tyrone Marshall,2009,D,SEA,27,26,2270,2,2,0.08,0.08,0,1,0,2,1,1,315000.0,322500.0,4
Tyrone Marshall,2010,D,SEA,22,15,1534,1,1,0.06,0.06,0,1,0,1,0,1,330750.0,338250.0,2
Tyrone Marshall,2011,D,COL,28,24,2198,0,1,0.0,0.04,0,0,0,0,0,1,160000.0,166500.0,1
Tyrone Marshall,2012,D,COL,16,13,1128,2,0,0.16,0.0,0,0,1,1,0,0,90000.0,93250.0,2
Tyrone Mears,2015,D,SEA,36,36,3260,1,3,0.03,0.09,1,1,1,0,2,1,330000.0,348000.0,4
Tyrone Mears,2016,D,SEA,38,38,3405,0,3,0.0,0.22,0,0,0,0,1,2,350000.0,368000.0,3
Tyrone Mears,2017,D,ATL,21,16,1513,1,1,0.06,0.06,0,0,0,1,1,0,367512.0,367512.0,2
Tyson Wahl,2009,D,SEA,12,9,893,0,0,0.0,0.0,0,0,0,0,0,0,69300.0,69300.0,0
Tyson Wahl,2010,D,SEA,4,2,241,0,1,0.0,0.37,0,0,0,0,1,0,98800.0,104600.0,1
Tyson Wahl,2011,D,SEA,23,22,1989,1,2,0.05,0.09,0,2,1,0,1,1,103740.0,109540.0,3
Tyson Wahl,2012,D,COL,15,15,1350,0,1,0.0,0.07,0,1,0,0,0,1,65000.0,86086.67,1
Tyson Wahl,2013,D,CLB,25,24,2155,0,1,0.0,0.04,0,0,0,0,0,1,76000.0,80666.67,1
Tyson Wahl,2014,D,CLB,20,17,1520,0,0,0.0,0.0,0,0,0,0,0,0,170000.0,179333.34,0
Tyson Wahl,2015,D,CLB,21,15,1509,0,2,0.0,0.13,0,0,0,0,1,1,190000.0,199333.34,2
Tyson Wahl,2016,D,CLB,13,11,1014,0,0,0.0,0.0,0,0,0,0,0,0,115000.0,115000.0,0
Ugo Ihemelu,2007,D,COL,25,23,2017,1,0,0.04,0.0,0,0,0,1,0,0,55000.0,55000.0,1
Ugo Ihemelu,2008,D,COL,18,16,1493,0,0,0.0,0.0,0,0,0,0,0,0,60500.0,60500.0,0
Ugo Ihemelu,2010,D,DAL,23,22,1948,1,1,0.06,0.23,1,0,0,1,0,1,300000.0,300000.0,2
Ugo Ihemelu,2011,D,DAL,32,31,2816,2,2,0.07,0.07,1,0,1,1,1,1,340000.0,340000.0,4
Ugo Ihemelu,2012,D,DAL,10,10,900,1,0,0.1,0.0,1,0,1,0,0,0,190000.0,190000.0,1
Ugo Ihemelu,2013,D,DAL,0,0,0,0,0,0.0,0.0,0,0,0,0,0,0,200000.0,200000.0,0
Veljko Paunovic,2011,F,PHI,18,17,1303,3,3,0.22,0.22,0,0,1,2,3,0,180000.0,180000.0,6
Vicente Sanchez,2015,F,COL,30,16,1399,4,5,0.26,0.32,0,1,2,2,4,1,210000.0,286666.67,9
Vicente Sanchez,2017,F,HOU,24,4,642,2,6,0.35,1.5899999999999999,0,2,1,1,5,1,130008.0,130008.0,8
Victor Arboleda,2017,F-M,POR,5,0,55,0,0,0.0,0.0,0,0,0,0,0,0,130000.08,130000.08,0
Victor Estupinan,2011,F,CHV,9,3,320,1,0,0.28,0.0,0,0,1,0,0,0,42000.0,52000.0,1
Victor Mansaray,2015,F,SEA,3,0,28,0,0,0.0,0.0,0,0,0,0,0,0,100000.0,107000.0,0
Victor Mansaray,2016,F,SEA,0,0,0,0,0,0.0,0.0,0,0,0,0,0,0,125000.0,132000.0,0
Victor Mansaray,2017,F,SEA,0,0,0,0,0,0.0,0.0,0,0,0,0,0,0,65625.0,69125.0,0
Victor Pineda,2011,M,CHI,0,0,0,0,0,0.0,0.0,0,0,0,0,0,0,42000.0,48742.42,0
Victor Pineda,2012,M,CHI,0,0,0,0,0,0.0,0.0,0,0,0,0,0,0,88200.0,101684.84,0
Victor Pineda,2013,M,CHI,0,0,0,0,0,0.0,0.0,0,0,0,0,0,0,46500.0,53242.42,0
Victor Pineda,2014,M,CHI,4,0,40,0,0,0.0,0.0,0,0,0,0,0,0,60000.0,66742.42,0
Victor Sikora,2008,M,DAL,5,4,274,1,0,0.33,0.0,0,0,0,1,0,0,144000.0,163285.71,1
Victor Vazquez,2017,M,TOR,36,33,2807,10,17,0.72,0.8099999999999999,5,7,6,4,10,7,1260000.0,1400000.0,27
Vincent Nogueira,2014,M,PHI,29,28,2498,2,3,0.07,0.11,0,0,2,0,2,1,330000.0,330000.0,5
Vincent Nogueira,2015,M,PHI,27,22,1993,5,0,0.23,0.0,2,0,4,1,0,0,330000.0,330000.0,5
Vincent Nogueira,2016,M,PHI,8,8,684,2,0,0.26,0.0,0,0,2,0,0,0,400000.0,400000.0,2
Wade Barrett,2007,D,HOU,34,34,3039,0,2,0.0,0.07,0,1,0,0,1,1,283500.0,283500.0,2
Wade Barrett,2008,D,HOU,28,28,2463,0,0,0.0,0.0,0,0,0,0,0,0,297676.0,297676.0,0
Wade Barrett,2009,D,HOU,13,12,1060,0,0,0.0,0.0,0,0,0,0,0,0,308000.0,313000.0,0
Walker Hume,2017,F,DAL,2,2,180,0,0,0.0,0.0,0,0,0,0,0,0,53004.0,53004.0,0
Walter Cabrera,2014,D,DAL,0,0,0,0,0,0.0,0.0,0,0,0,0,0,0,168000.0,192000.0,0
Walter Restrepo,2016,M,PHI,4,0,81,0,1,0.0,1.11,0,0,0,0,0,1,250000.0,279000.0,1
Wandrille Lefevre,2013,D,MTL,6,4,397,0,1,0.0,0.23,0,1,0,0,1,0,70250.0,70250.0,1
Wandrille Lefevre,2014,D,MTL,15,13,1220,0,1,0.0,0.07,0,0,0,0,0,1,48500.0,48500.0,1
Wandrille Lefevre,2015,D,MTL,11,11,990,2,0,0.18,0.0,0,0,1,1,0,0,120000.0,120000.0,2
Wandrille Lefevre,2016,D,MTL,14,12,1120,0,0,0.0,0.0,0,0,0,0,0,0,126000.0,126000.0,0
Wandrille Lefevre,2017,D,MTL,3,1,103,0,0,0.0,0.0,0,0,0,0,0,0,94999.92,104499.92,0
Warren Creavalle,2015,M,PHI,19,10,896,1,1,0.1,0.1,1,0,1,0,0,1,108500.0,119000.0,2
Warren Creavalle,2016,M,PHI,28,22,1897,0,1,0.0,0.05,0,0,0,0,1,0,236000.0,251333.34,1
Warren Creavalle,2017,M,PHI,13,5,545,0,1,0.0,0.17,0,0,0,0,1,0,125000.0,138000.0,1
Waylon Francis,2014,D,CLB,26,26,2274,0,6,0.0,0.26,0,1,0,0,3,3,250000.0,307750.0,6
Waylon Francis,2015,D,CLB,33,33,2890,0,8,0.0,0.45,0,3,0,0,7,1,288000.0,340333.34,8
Waylon Francis,2016,D,CLB,19,13,1233,0,3,0.0,0.22,0,0,0,0,3,0,200000.0,200000.0,3
Waylon Francis,2017,D,CLB,12,10,852,0,2,0.0,0.21,0,1,0,0,1,1,455000.0,503750.0,2
Wells Thompson,2010,D,COL,30,15,1482,2,0,0.14,0.0,0,0,2,0,0,0,80000.0,96250.0,2
Wells Thompson,2011,D,COL,34,24,2137,3,3,0.14,0.14,2,2,1,2,1,2,155000.0,171250.0,6
Wells Thompson,2012,D,CHI,21,5,664,0,1,0.0,0.14,0,0,0,0,1,0,174376.0,190626.0,1
Wells Thompson,2013,D,CHI,8,6,542,0,0,0.0,0.0,0,0,0,0,0,0,105000.0,113125.0,0
Wes Knight,2011,D,VAN,12,10,805,0,1,0.0,0.11,0,0,0,0,1,0,50000.0,50000.0,1
Will Bates,2013,F,SEA,0,0,0,0,0,0.0,0.0,0,0,0,0,0,0,70250.0,70250.0,0
Will Bruin,2017,F,SEA,36,25,2272,13,4,0.9400000000000001,0.5,4,3,8,5,3,1,650000.0,653333.34,17
Will Johnson,2008,D,RSL,12,12,1080,2,0,0.22,0.0,1,0,1,1,0,0,78000.0,105142.86,2
Will Johnson,2009,D,RSL,30,30,2650,1,3,0.04,0.12,0,1,1,0,3,0,102400.0,129542.86,4
Will Johnson,2010,D,RSL,30,25,2296,1,1,0.04,0.04,0,0,1,0,1,0,152640.0,179782.86,2
Will Johnson,2011,D,RSL,28,25,2329,2,1,0.09,0.04,1,0,2,0,1,0,450000.0,450000.0,3
Will Johnson,2012,D,RSL,28,25,2267,3,3,0.13,0.13,1,0,2,1,0,3,487500.0,487500.0,6
Will Johnson,2013,D,POR,32,32,2880,11,6,0.8200000000000001,0.43,1,3,5,6,4,2,487500.0,487500.0,17
Will Johnson,2014,D,POR,29,29,2526,6,2,0.21,0.07,0,0,4,2,2,0,300000.0,325000.0,8
Will Johnson,2015,D,POR,13,12,1047,0,0,0.0,0.0,0,0,0,0,0,0,628000.0,668666.66,0
Will Johnson,2016,D,TOR,29,20,1871,2,6,0.11,0.7,0,0,1,1,0,6,750000.0,790666.66,8
Will Johnson,2017,D,ORL,26,23,2057,2,3,0.09,0.13,1,3,1,1,3,0,414000.0,450000.0,5
Willis Forko,2007,D,RSL,12,12,990,0,0,0.0,0.0,0,0,0,0,0,0,30000.0,30000.0,0
Wilman Conde,2007,D,CHI,10,10,865,0,1,0.0,0.15,0,1,0,0,0,1,288000.0,303000.0,1
Wilman Conde,2008,D,CHI,25,22,2020,2,1,0.38,0.05,1,0,1,1,1,0,312000.0,327000.0,3
Wilman Conde,2009,D,CHI,20,18,1639,2,2,0.11,0.11,1,0,1,1,2,0,336000.0,376000.0,4
Wilman Conde,2010,D,CHI,25,22,2019,1,0,0.04,0.0,0,0,0,1,0,0,180000.0,200000.0,1
Xavier Kouassi,2017,M,NE,23,14,1218,1,1,0.07,0.07,0,0,0,1,0,1,840000.0,890541.75,2
Yamith Cuesta,2009,D,CHV,11,11,966,0,1,0.0,0.11,0,1,0,0,1,0,72000.0,72000.0,1
Yamith Cuesta,2011,D,CHI,20,18,1681,0,0,0.0,0.0,0,0,0,0,0,0,72000.0,82000.0,0
Yann Ekra,2013,F,PHI,0,0,0,0,0,0.0,0.0,0,0,0,0,0,0,46500.0,46500.0,0
Yazid Atouba,2013,M,CHI,3,0,55,0,0,0.0,0.0,0,0,0,0,0,0,46500.0,51500.0,0
Yordy Reyna,2017,M-F,VAN,21,13,1259,6,4,0.5,0.34,5,0,6,0,3,1,880000.08,1067400.08,10
Yura Movsisyan,2008,F,RSL,25,16,1488,8,1,0.86,0.07,1,0,2,6,0,1,95150.0,115150.0,9
Yura Movsisyan,2009,F,RSL,30,21,1929,8,3,0.42,0.55,2,1,6,2,2,1,121165.0,141165.0,11
Yura Movsisyan,2016,F,RSL,30,25,2193,9,3,0.37,0.12,2,0,6,3,2,1,400000.0,400000.0,12
Yura Movsisyan,2017,F,RSL,28,16,1416,7,0,0.44,0.0,2,0,4,3,0,0,1750000.0,1973750.0,7
Zach Loyd,2010,D,DAL,28,20,1990,0,0,0.0,0.0,0,0,0,0,0,0,80000.0,114250.0,0
Zach Loyd,2011,D,DAL,31,29,2506,1,4,0.04,0.15,1,2,1,0,2,2,104500.0,193750.0,5
Zach Loyd,2012,D,DAL,32,31,2696,2,3,0.07,0.1,0,2,2,0,2,1,73975.0,118600.0,5
Zach Loyd,2013,D,DAL,25,24,2132,0,0,0.0,0.0,0,0,0,0,0,0,92372.5,136997.5,0
Zach Loyd,2014,D,DAL,32,31,2684,1,0,0.04,0.0,0,0,1,0,0,0,310000.0,353333.34,1
Zach Loyd,2015,D,DAL,31,31,2660,0,1,0.0,0.04,0,1,0,0,1,0,350000.0,393333.34,1
Zach Loyd,2016,D,DAL,12,10,919,0,0,0.0,0.0,0,0,0,0,0,0,400000.0,443333.34,0
Zach Loyd,2017,D,ATL,0,0,0,0,0,0.0,0.0,0,0,0,0,0,0,170016.0,170016.0,0
Zach Mathers,2017,M,SEA,0,0,0,0,0,0.0,0.0,0,0,0,0,0,0,106008.0,106008.0,0
Zach Pfeffer,2011,M,PHI,3,2,136,0,0,0.0,0.0,0,0,0,0,0,0,110000.0,130000.0,0
Zach Pfeffer,2012,M,PHI,1,0,4,0,0,0.0,0.0,0,0,0,0,0,0,60000.0,70000.0,0
Zach Pfeffer,2014,M,PHI,5,1,98,1,0,0.92,0.0,0,0,0,1,0,0,75000.0,85000.0,1
Zach Pfeffer,2015,M,PHI,21,11,988,2,1,0.18,0.09,1,0,2,0,0,1,60000.0,60000.0,3
Zach Pfeffer,2016,M,COL,0,0,0,0,0,0.0,0.0,0,0,0,0,0,0,202000.0,202000.0,0
Zach Scott,2009,D,SEA,9,6,492,0,0,0.0,0.0,0,0,0,0,0,0,80016.0,80016.0,0
Zach Scott,2010,D,SEA,4,4,360,0,0,0.0,0.0,0,0,0,0,0,0,84016.0,84016.0,0
Zach Scott,2011,D,SEA,13,10,954,0,0,0.0,0.0,0,0,0,0,0,0,88218.0,88218.0,0
Zach Scott,2012,D,SEA,23,18,1620,2,2,0.55,0.55,2,0,2,0,1,1,92628.0,92628.0,4
Zach Scott,2013,D,SEA,23,17,1522,0,0,0.0,0.0,0,0,0,0,0,0,100000.0,100000.0,0
Zach Scott,2014,D,SEA,22,20,1749,0,0,0.0,0.0,0,0,0,0,0,0,105000.0,105000.0,0
Zach Scott,2015,D,SEA,23,17,1745,0,0,0.0,0.0,0,0,0,0,0,0,130000.0,130000.0,0
Zach Scott,2016,D,SEA,17,11,1068,0,0,0.0,0.0,0,0,0,0,0,0,125000.0,125000.0,0
Zach Steinberger,2015,M,HOU,3,0,29,0,0,0.0,0.0,0,0,0,0,0,0,60000.0,76250.0,0
Zach Steinberger,2016,M,HOU,0,0,0,0,0,0.0,0.0,0,0,0,0,0,0,63000.0,79250.0,0
Zachary Herivaux,2016,M,NE,5,0,38,0,0,0.0,0.0,0,0,0,0,0,0,62500.0,62500.0,0
Zachary Herivaux,2017,M,NE,0,0,0,0,0,0.0,0.0,0,0,0,0,0,0,65625.0,65625.0,0
Zakaria Messoudi,2013,M,MTL,0,0,0,0,0,0.0,0.0,0,0,0,0,0,0,70250.0,70250.0,0
Zakaria Messoudi,2014,M,MTL,0,0,0,0,0,0.0,0.0,0,0,0,0,0,0,36504.0,36504.0,0
Zat Knight,2014,D,COL,4,3,315,0,0,0.0,0.0,0,0,0,0,0,0,120000.0,139583.33,0
